"","Sampling.Date","GC.Date","Treatment.F","BLOCK.F","CoverCrop.F","f0","f0.se","f0.p","f0.lo95","f0.up95","Method","Warning","Prefilter","Prefilter.p","LR.f0","LR.f0.se","LR.f0.p","LR.f0.lo95","LR.f0.up95","Rev.Prefilter.p","Rev.LR.f0"
"1","2022-06-09","2022-08-09","A",3,"3Spp",2.688,0.8741,0.09148,-1.073,6.448,"LR","None","Signal",0.02596,2.688,0.8741,0.09148,-1.073,6.448,NA,NA
"5","2022-06-09","2022-08-09","B",3,"3Spp",12.09,0.2045,0.01076,9.493,14.69,"HMR","None","Signal",2.717e-13,7.541,0.8016,0.01111,4.092,10.99,NA,NA
"9","2022-06-09","2022-08-09","C",3,"3Spp",7.176,0.4076,0.03613,1.996,12.36,"HMR","None","Signal",6.118e-09,6.226,0.206,0.001093,5.34,7.113,NA,NA
"13","2022-06-09","2022-08-09","A",3,"Clover",20.67,15.05,0.4007,-170.6,211.9,"HMR","None","Signal",0,14.68,2.615,0.0303,3.427,25.93,NA,NA
"17","2022-06-09","2022-08-09","B",3,"Clover",10.64,1.65,0.09798,-10.33,31.6,"HMR","None","Signal",0.0001111,4.225,0.9697,0.04886,0.05217,8.397,NA,NA
"21","2022-06-09","2022-08-09","C",3,"Clover",36.56,23.08,0.3585,-256.7,329.8,"HMR","None","Signal",0,12.31,4.174,0.09829,-5.647,30.27,NA,NA
"25","2022-06-09","2022-08-09","D",3,"Clover",0,NA,NA,NA,NA,"No flux","None","Noise",0.3446,1.46,0.7093,0.1758,-1.592,4.512,NA,NA
"29","2022-06-09","2022-08-09","A",3,"Trit",0,NA,NA,NA,NA,"No flux","None","Noise",0.4414,1.548,0.2714,0.0294,0.3801,2.716,NA,NA
"33","2022-06-09","2022-08-09","B",3,"Trit",0,NA,NA,NA,NA,"No flux","None","Noise",0.716,1.076,0.2467,0.04872,0.01494,2.138,NA,NA
"37","2022-06-09","2022-08-09","C",3,"Trit",0,NA,NA,NA,NA,"No flux","None","Noise",0.2229,1.89,0.5327,0.07107,-0.402,4.182,NA,NA
"41","2022-06-09","2022-08-09","A",4,"3Spp",0,NA,NA,NA,NA,"No flux","None","Noise",0.582,1.048,0.6113,0.2286,-1.582,3.678,NA,NA
"45","2022-06-09","2022-08-09","B",4,"3Spp",7.875,3.717,0.2808,-39.35,55.1,"HMR","None","Signal",0.004408,3.36,0.7392,0.04515,0.1794,6.54,NA,NA
"49","2022-06-09","2022-08-09","C",4,"3Spp",11.14,4.244,0.1197,-7.121,29.4,"LR","None","Signal",0,11.14,4.244,0.1197,-7.121,29.4,NA,NA
"53","2022-06-09","2022-08-09","A",4,"Clover",13.42,4.782,0.218,-47.35,74.18,"HMR","None","Signal",8.882e-15,7.858,1.215,0.0231,2.628,13.09,NA,NA
"57","2022-06-09","2022-08-09","B",4,"Clover",7.421,0.7014,0.05999,-1.491,16.33,"HMR","None","Signal",0.0002674,4.17,0.5494,0.01692,1.806,6.533,NA,NA
"61","2022-06-09","2022-08-09","C",4,"Clover",0,NA,NA,NA,NA,"No flux","None","Noise",0.9501,0.387,0.3016,0.328,-0.9106,1.685,NA,NA
"65","2022-06-09","2022-08-09","D",4,"Clover",0,NA,NA,NA,NA,"No flux","None","Noise",0.8796,0.4192,0.4793,0.474,-1.643,2.482,NA,NA
"69","2022-06-09","2022-08-09","A",4,"Trit",0,NA,NA,NA,NA,"No flux","None","Noise",0.412,1.504,0.4739,0.08657,-0.5349,3.543,NA,NA
"73","2022-06-09","2022-08-09","B",4,"Trit",18.81,3.407,0.1141,-24.48,62.11,"HMR","None","Signal",2.22e-16,8.156,1.702,0.0409,0.8321,15.48,NA,NA
"77","2022-06-09","2022-08-09","C",4,"Trit",15.93,5.225,0.2018,-50.46,82.32,"HMR","None","Signal",0,12.6,1.13,0.007946,7.74,17.47,NA,NA
"81","2022-06-15","2022-08-31","A",2,"3Spp",7.634,0.03022,0.00252,7.25,8.018,"HMR","None","Signal",0.008421,3.193,0.6594,0.04009,0.3561,6.03,NA,NA
"85","2022-06-15","2022-08-31","B",2,"3Spp",7.557,3.711,0.1787,-8.412,23.53,"LR","None","Signal",0,7.557,3.711,0.1787,-8.412,23.53,NA,NA
"89","2022-06-15","2022-08-31","C",2,"3Spp",15.56,1.999,0.08136,-9.844,40.96,"HMR","None","Signal",3.869e-09,6.009,1.347,0.04675,0.2137,11.8,NA,NA
"93","2022-06-15","2022-08-31","A",2,"Clover",7.054,1.228,0.1097,-8.547,22.65,"HMR","None","Signal",1.616e-08,6.066,0.2958,0.00237,4.793,7.339,NA,NA
"97","2022-06-15","2022-08-31","B",2,"Clover",14.73,7.315,0.2935,-78.22,107.7,"HMR","None","Signal",2.22e-16,8.255,1.41,0.02796,2.188,14.32,NA,NA
"101","2022-06-15","2022-08-31","C",2,"Clover",43.39,5.673,0.08276,-28.69,115.5,"HMR","None","Signal",0,21.35,3.511,0.02599,6.244,36.45,NA,NA
"105","2022-06-15","2022-08-31","D",2,"Clover",8.51,1.171,0.08706,-6.371,23.39,"HMR","None","Signal",1.158e-05,4.828,0.6593,0.01814,1.991,7.664,NA,NA
"109","2022-06-15","2022-08-31","A",2,"Trit",0,NA,NA,NA,NA,"No flux","None","Noise",0.3924,1.682,0.01955,0.0001351,1.597,1.766,NA,NA
"113","2022-06-15","2022-08-31","B",2,"Trit",10.78,12.39,0.544,-146.6,168.2,"HMR","None","Signal",0.0002666,3.581,1.608,0.1558,-3.338,10.5,NA,NA
"117","2022-06-15","2022-08-31","C",2,"Trit",7.589,1.115,0.02092,2.79,12.39,"LR","None","Signal",9.892e-14,7.589,1.115,0.02092,2.79,12.39,NA,NA
"121","2022-06-15","2022-10-15","A",3,"3Spp",0,NA,NA,NA,NA,"No flux","None","Signal",0.001047,1.119,2.647,0.7136,-10.27,12.51,NA,NA
"125","2022-06-15","2022-10-15","B",3,"3Spp",11.75,1.213,0.06552,-3.668,27.16,"HMR","None","Signal",0.0001186,4.163,1.065,0.05963,-0.4184,8.744,NA,NA
"129","2022-06-15","2022-10-15","C",3,"3Spp",2.617,1.129,0.1464,-2.243,7.477,"LR","None","Signal",0.01896,2.617,1.129,0.1464,-2.243,7.477,NA,NA
"133","2022-06-15","2022-10-15","A",3,"Clover",20.32,2.504,0.07805,-11.49,52.13,"HMR","None","Signal",0,11.47,1.508,0.01686,4.979,17.95,NA,NA
"137","2022-06-15","2022-10-15","B",3,"Clover",9.896,0.5347,0.03437,3.102,16.69,"HMR","None","Signal",2.51e-11,6.991,0.5412,0.005939,4.662,9.319,NA,NA
"141","2022-06-15","2022-10-15","C",3,"Clover",7,1.422,0.03887,0.8821,13.12,"LR","None","Signal",3.896e-12,7,1.422,0.03887,0.8821,13.12,NA,NA
"145","2022-06-15","2022-10-15","D",3,"Clover",13.7,4.042,0.1826,-37.65,65.06,"HMR","None","Signal",1.497e-11,6.911,1.157,0.02691,1.932,11.89,NA,NA
"149","2022-06-15","2022-10-15","A",3,"Trit",0,NA,NA,NA,NA,"No flux","None","Noise",0.5262,0.9998,0.7436,0.311,-2.2,4.199,NA,NA
"153","2022-06-15","2022-10-15","B",3,"Trit",17.08,17.27,0.5035,-202.4,236.6,"HMR","None","Signal",2.696e-06,4.265,2.102,0.1796,-4.778,13.31,NA,NA
"157","2022-06-15","2022-10-15","C",3,"Trit",5.428,1.65,0.1879,-15.54,26.39,"HMR","None","Signal",0.0004732,4.069,0.3859,0.008875,2.409,5.73,NA,NA
"161","2022-06-15","2022-08-31","A",4,"3Spp",NA,NA,NA,NA,NA,"None","Data error","None",NA,NA,NA,NA,NA,NA,1.99792643044121e-10,52.3783260390204
"169","2022-06-15","2022-08-31","B",4,"3Spp",NA,NA,NA,NA,NA,"None","Data error","None",NA,NA,NA,NA,NA,NA,1.61811108627514e-12,70.3761289387021
"177","2022-06-15","2022-08-31","C",4,"3Spp",NA,NA,NA,NA,NA,"None","Data error","None",NA,NA,NA,NA,NA,NA,2.28365485643565e-16,36.8364358550173
"185","2022-06-15","2022-08-31","A",4,"Clover",NA,NA,NA,NA,NA,"None","Data error","None",NA,NA,NA,NA,NA,NA,0.0913176245665459,18.7662239484551
"193","2022-06-15","2022-08-31","B",4,"Clover",NA,NA,NA,NA,NA,"None","Data error","None",NA,NA,NA,NA,NA,NA,2.04461509412999e-05,48.4301964379313
"201","2022-06-15","2022-08-31","C",4,"Clover",NA,NA,NA,NA,NA,"None","Data error","None",NA,NA,NA,NA,NA,NA,0.0318009740083555,2.64193583004585
"209","2022-06-15","2022-08-31","D",4,"Clover",NA,NA,NA,NA,NA,"None","Data error","None",NA,NA,NA,NA,NA,NA,0.0414076446552034,23.8658702797194
"217","2022-06-15","2022-08-31","A",4,"Trit",NA,NA,NA,NA,NA,"None","Data error","None",NA,NA,NA,NA,NA,NA,1.1019556864503e-12,72.733506270656
"225","2022-06-15","2022-08-31","B",4,"Trit",NA,NA,NA,NA,NA,"None","Data error","None",NA,NA,NA,NA,NA,NA,5.35621246724399e-09,38.2994238788282
"233","2022-06-15","2022-08-31","C",4,"Trit",NA,NA,NA,NA,NA,"None","Data error","None",NA,NA,NA,NA,NA,NA,3.17013202585788e-16,68.1777881425815
"241","2022-06-23","2022-08-10","A",1,"3Spp",8.249,1.085,0.08323,-5.533,22.03,"HMR","None","Signal",1.274e-10,6.789,0.3412,0.002516,5.321,8.257,NA,NA
"245","2022-06-23","2022-08-10","B",1,"3Spp",18.22,5.358,0.1821,-49.86,86.29,"HMR","None","Signal",0,15.13,1.122,0.005448,10.31,19.96,NA,NA
"249","2022-06-23","2022-08-10","C",1,"3Spp",11.44,0.8861,0.0492,0.1837,22.7,"HMR","None","Signal",1.402e-12,7.339,0.7535,0.01038,4.097,10.58,NA,NA
"253","2022-06-23","2022-08-10","A",1,"Clover",0,NA,NA,NA,NA,"No flux","None","Noise",0.2507,1.443,0.9461,0.2666,-2.627,5.514,NA,NA
"257","2022-06-23","2022-08-10","B",1,"Clover",0,NA,NA,NA,NA,"No flux","None","Signal",0.002835,-0.3568,2.564,0.9021,-11.39,10.67,NA,NA
"261","2022-06-23","2022-08-10","C",1,"Clover",6.694,4.006,0.2367,-10.54,23.93,"LR","None","Signal",0,6.694,4.006,0.2367,-10.54,23.93,NA,NA
"265","2022-06-23","2022-08-10","D",1,"Clover",0,NA,NA,NA,NA,"No flux","None","Noise",0.9064,0.6515,0.2247,0.1012,-0.3151,1.618,NA,NA
"269","2022-06-23","2022-08-10","A",1,"Trit",0,NA,NA,NA,NA,"No flux","None","Noise",0.3791,1.632,0.3522,0.04356,0.1165,3.147,NA,NA
"273","2022-06-23","2022-08-10","B",1,"Trit",7.248,0.5935,0.05202,-0.2935,14.79,"HMR","None","Signal",3.037e-06,5.144,0.4074,0.006212,3.392,6.897,NA,NA
"277","2022-06-23","2022-08-10","C",1,"Trit",7.176,2.628,0.112,-4.131,18.48,"LR","None","Signal",6.55e-15,7.176,2.628,0.112,-4.131,18.48,NA,NA
"281","2022-06-23","2022-08-10","A",2,"3Spp",22.76,8.03,0.2159,-79.26,124.8,"HMR","None","Signal",0,12.25,2.131,0.02898,3.076,21.42,NA,NA
"285","2022-06-23","2022-08-10","B",2,"3Spp",10.3,1.497,0.09187,-8.721,29.33,"HMR","None","Signal",8.451e-08,5.705,0.7803,0.0182,2.348,9.063,NA,NA
"289","2022-06-23","2022-08-10","C",2,"3Spp",10.76,0.6498,0.03839,2.507,19.02,"HMR","None","Signal",2.109e-15,8.182,0.509,0.003848,5.992,10.37,NA,NA
"293","2022-06-23","2022-08-10","A",2,"Clover",10.36,3.202,0.0837,-3.416,24.13,"LR","None","Signal",0,10.36,3.202,0.0837,-3.416,24.13,NA,NA
"297","2022-06-23","2022-08-10","B",2,"Clover",18.28,0.4774,0.01662,12.22,24.35,"HMR","None","Signal",0,12.17,1.114,0.008273,7.38,16.97,NA,NA
"301","2022-06-23","2022-08-10","C",2,"Clover",4.985,1.575,0.08701,-1.793,11.76,"LR","None","Signal",6.447e-07,4.985,1.575,0.08701,-1.793,11.76,NA,NA
"305","2022-06-23","2022-08-10","D",2,"Clover",13.75,0.7105,0.03287,4.722,22.78,"HMR","None","Signal",0.006251,3.011,1.142,0.1187,-1.902,7.923,NA,NA
"309","2022-06-23","2022-08-10","A",2,"Trit",12.28,0.4272,0.02214,6.85,17.71,"HMR","None","Signal",0,10.24,0.4126,0.001621,8.461,12.01,NA,NA
"313","2022-06-23","2022-08-10","B",2,"Trit",21.06,11.68,0.2132,-29.2,71.31,"LR","None","Signal",0,21.06,11.68,0.2132,-29.2,71.31,NA,NA
"317","2022-06-23","2022-08-10","C",2,"Trit",11.45,9.952,0.369,-31.37,54.27,"LR","None","Signal",0,11.45,9.952,0.369,-31.37,54.27,NA,NA
"321","2022-06-23","2022-10-15","A",3,"3Spp",12.9,0.1911,0.009428,10.48,15.33,"HMR","None","Signal",0,9.157,0.6954,0.005718,6.165,12.15,NA,NA
"325","2022-06-23","2022-10-15","B",3,"3Spp",8.001,1.355,0.02751,2.17,13.83,"LR","None","Signal",1.887e-15,8.001,1.355,0.02751,2.17,13.83,NA,NA
"329","2022-06-23","2022-10-15","C",3,"3Spp",9.578,2.251,0.05103,-0.1063,19.26,"LR","None","Signal",0,9.578,2.251,0.05103,-0.1063,19.26,NA,NA
"333","2022-06-23","2022-10-15","A",3,"Clover",22.68,0.3892,0.01092,17.73,27.62,"HMR","None","Signal",0,17.04,1.07,0.00392,12.44,21.64,NA,NA
"337","2022-06-23","2022-10-15","B",3,"Clover",6.755,2.571,0.1194,-4.306,17.82,"LR","None","Signal",1.883e-13,6.755,2.571,0.1194,-4.306,17.82,NA,NA
"341","2022-06-23","2022-10-15","C",3,"Clover",8.94,3.983,0.1539,-8.195,26.08,"LR","None","Signal",0,8.94,3.983,0.1539,-8.195,26.08,NA,NA
"345","2022-06-23","2022-10-15","D",3,"Clover",19.76,3.567,0.1137,-25.57,65.08,"HMR","None","Signal",0,9.8,1.704,0.02893,2.468,17.13,NA,NA
"349","2022-06-23","2022-10-15","A",3,"Trit",0,NA,NA,NA,NA,"No flux","None","Signal",7.085e-05,-2.226,2.798,0.5098,-14.27,9.815,NA,NA
"353","2022-06-23","2022-10-15","B",3,"Trit",15.26,11.84,0.4201,-135.2,165.7,"HMR","None","Signal",5.524e-10,6.158,1.67,0.06635,-1.029,13.34,NA,NA
"357","2022-06-23","2022-10-15","C",3,"Trit",9.727,3.793,0.1243,-6.594,26.05,"LR","None","Signal",0,9.727,3.793,0.1243,-6.594,26.05,NA,NA
"361","2022-06-23","2022-10-15","A",4,"3Spp",17.08,2.316,0.08582,-12.35,46.51,"HMR","None","Signal",0,10.33,1.197,0.01317,5.179,15.48,NA,NA
"365","2022-06-23","2022-10-15","B",4,"3Spp",10.38,4.16,0.1301,-7.524,28.28,"LR","None","Signal",0,10.38,4.16,0.1301,-7.524,28.28,NA,NA
"369","2022-06-23","2022-10-15","C",4,"3Spp",32.78,112.6,0.8197,-1398,1463,"HMR","None","Signal",4.938e-10,3.429,3.997,0.4814,-13.77,20.63,NA,NA
"373","2022-06-23","2022-10-15","A",4,"Clover",9.43,0.2405,0.01623,6.374,12.49,"HMR","None","Signal",1.983e-11,7.035,0.4573,0.004199,5.067,9.002,NA,NA
"377","2022-06-23","2022-10-15","B",4,"Clover",7.239,1.553,0.0431,0.5546,13.92,"LR","None","Signal",4.4e-13,7.239,1.553,0.0431,0.5546,13.92,NA,NA
"381","2022-06-23","2022-10-15","C",4,"Clover",9.021,0.1829,0.0004109,8.234,9.808,"LR","None","Signal",0,9.021,0.1829,0.0004109,8.234,9.808,NA,NA
"385","2022-06-23","2022-10-15","D",4,"Clover",11.12,2.956,0.1654,-26.44,48.68,"HMR","None","Signal",0,10.12,0.6005,0.003503,7.537,12.7,NA,NA
"389","2022-06-23","2022-10-15","A",4,"Trit",14.42,4.105,0.1766,-37.74,66.57,"HMR","None","Signal",0,11.89,0.8722,0.005336,8.14,15.65,NA,NA
"393","2022-06-23","2022-10-15","B",4,"Trit",23.2,0.4516,0.01239,17.46,28.94,"HMR","None","Signal",0,10.8,1.926,0.03035,2.516,19.09,NA,NA
"397","2022-06-23","2022-10-15","C",4,"Trit",22.3,17.59,0.4251,-201.2,245.8,"HMR","None","Signal",1.332e-15,7.295,2.744,0.1172,-4.513,19.1,NA,NA
"401","2022-06-29","2022-08-19","A",1,"3Spp",11.34,0.2901,0.01629,7.651,15.02,"HMR","None","Signal",1.46e-07,5.567,0.9254,0.02654,1.585,9.549,NA,NA
"405","2022-06-29","2022-08-19","B",1,"3Spp",11.44,0.4471,0.02486,5.762,17.12,"HMR","None","Signal",2.776e-15,8.134,0.6233,0.00582,5.452,10.82,NA,NA
"409","2022-06-29","2022-08-19","C",1,"3Spp",10.53,0.4439,0.02683,4.885,16.17,"HMR","None","Signal",2.576e-14,7.884,0.51,0.004158,5.689,10.08,NA,NA
"413","2022-06-29","2022-08-19","A",1,"Clover",17.84,9.175,0.3023,-98.73,134.4,"HMR","None","Signal",0.03792,2.229,1.224,0.2101,-3.036,7.493,NA,NA
"417","2022-06-29","2022-08-19","B",1,"Clover",8.139,0.7421,0.05789,-1.291,17.57,"HMR","None","Signal",8.736e-09,6.153,0.3932,0.004059,4.461,7.844,NA,NA
"421","2022-06-29","2022-08-19","C",1,"Clover",7.404,3.815,0.3029,-41.08,55.88,"HMR","None","Signal",1.346e-08,6.025,0.7182,0.01392,2.934,9.115,NA,NA
"425","2022-06-29","2022-08-19","D",1,"Clover",0,NA,NA,NA,NA,"No flux","None","Noise",0.4203,0.548,1.087,0.6642,-4.129,5.225,NA,NA
"429","2022-06-29","2022-08-19","A",1,"Trit",42.42,54.45,0.5787,-649.5,734.3,"HMR","None","Signal",0,13.79,6.703,0.1759,-15.05,42.63,NA,NA
"433","2022-06-29","2022-08-19","B",1,"Trit",6.669,1.802,0.06585,-1.083,14.42,"LR","None","Signal",1.143e-11,6.669,1.802,0.06585,-1.083,14.42,NA,NA
"437","2022-06-29","2022-08-19","C",1,"Trit",13.68,5.55,0.2453,-56.83,84.2,"HMR","None","Signal",8.895e-11,6.574,1.377,0.0412,0.6483,12.5,NA,NA
"441","2022-06-29","2022-08-19","A",2,"3Spp",11.27,3.938,0.2141,-38.77,61.31,"HMR","None","Signal",0.0005308,3.758,1.119,0.07839,-1.057,8.573,NA,NA
"445","2022-06-29","2022-08-19","B",2,"3Spp",3.607,1.175,0.09169,-1.447,8.661,"LR","None","Signal",0.0008163,3.607,1.175,0.09169,-1.447,8.661,NA,NA
"449","2022-06-29","2022-08-19","C",2,"3Spp",8.221,2.968,0.2206,-29.49,45.93,"HMR","None","Signal",5.914e-05,4.447,0.7735,0.02895,1.119,7.775,NA,NA
"453","2022-06-29","2022-08-19","A",2,"Clover",9.073,0.9432,0.06595,-2.912,21.06,"HMR","None","Signal",0.0005131,3.939,0.7677,0.03595,0.6356,7.242,NA,NA
"457","2022-06-29","2022-08-19","B",2,"Clover",6.241,1.92,0.08302,-2.02,14.5,"LR","None","Signal",1.272e-10,6.241,1.92,0.08302,-2.02,14.5,NA,NA
"461","2022-06-29","2022-08-19","C",2,"Clover",5.356,1.947,0.1106,-3.02,13.73,"LR","None","Signal",2.329e-08,5.356,1.947,0.1106,-3.02,13.73,NA,NA
"465","2022-06-29","2022-08-19","D",2,"Clover",4.457,0.2776,0.0396,0.93,7.984,"HMR","None","Signal",0.0004121,4.137,0.0852,0.0004238,3.771,4.504,NA,NA
"469","2022-06-29","2022-08-19","A",2,"Trit",9.066,1.286,0.08972,-7.277,25.41,"HMR","None","Signal",5.917e-05,4.448,0.771,0.02876,1.13,7.765,NA,NA
"473","2022-06-29","2022-08-19","B",2,"Trit",8.847,0.5001,0.03595,2.493,15.2,"HMR","None","Signal",1.295e-07,5.681,0.5755,0.01011,3.205,8.157,NA,NA
"477","2022-06-29","2022-08-19","C",2,"Trit",9.595,3.011,0.1936,-28.66,47.85,"HMR","None","Signal",0.001405,3.593,0.9413,0.06229,-0.4569,7.643,NA,NA
"481","2022-06-29","2022-08-30","A",3,"3Spp",7.979,0.178,0.0142,5.717,10.24,"HMR","None","Signal",1.405e-07,5.693,0.4281,0.005605,3.852,7.535,NA,NA
"485","2022-06-29","2022-08-30","B",3,"3Spp",5.273,0.6593,0.01527,2.437,8.11,"LR","None","Signal",1.157e-06,5.273,0.6593,0.01527,2.437,8.11,NA,NA
"489","2022-06-29","2022-08-30","C",3,"3Spp",6.293,0.6236,0.06288,-1.631,14.22,"HMR","None","Signal",0.002952,3.568,0.4778,0.01746,1.513,5.624,NA,NA
"493","2022-06-29","2022-08-30","A",3,"Clover",10.31,1.481,0.0908,-8.505,29.13,"HMR","None","Signal",4.03e-14,7.827,0.5266,0.004496,5.561,10.09,NA,NA
"497","2022-06-29","2022-08-30","B",3,"Clover",4.68,1.634,0.1034,-2.353,11.71,"LR","None","Signal",2.418e-06,4.68,1.634,0.1034,-2.353,11.71,NA,NA
"501","2022-06-29","2022-08-30","C",3,"Clover",6.724,0.4631,0.04377,0.8405,12.61,"HMR","None","Signal",0.0003649,4.115,0.467,0.01264,2.106,6.125,NA,NA
"505","2022-06-29","2022-08-30","D",3,"Clover",0,NA,NA,NA,NA,"No flux","None","Noise",0.1442,1.435,1.235,0.365,-3.877,6.747,NA,NA
"509","2022-06-29","2022-08-30","A",3,"Trit",NA,NA,NA,NA,NA,"None","Data error","None",NA,NA,NA,NA,NA,NA,0.0442161306118147,25.7025646495426
"517","2022-06-29","2022-08-30","B",3,"Trit",NA,NA,NA,NA,NA,"None","Data error","None",NA,NA,NA,NA,NA,NA,0.000173021776261272,50.7462143894619
"524","2022-06-29","2022-08-30","C",3,"Trit",5.345,0.2869,0.03414,1.7,8.99,"HMR","None","Signal",0.0003894,4.139,0.2349,0.003206,3.128,5.15,NA,NA
"528","2022-06-29","2022-08-30","A",4,"3Spp",10.5,2.122,0.1269,-16.46,37.47,"HMR","None","Signal",8.041e-10,6.442,0.7976,0.01498,3.01,9.874,NA,NA
"532","2022-06-29","2022-08-30","B",4,"3Spp",12.13,1.122,0.05872,-2.127,26.39,"HMR","None","Signal",2.286e-12,7.248,0.8747,0.01426,3.484,11.01,NA,NA
"536","2022-06-29","2022-08-30","C",4,"3Spp",9.88,0.7817,0.05026,-0.05241,19.81,"HMR","None","Signal",5.079e-11,6.89,0.5589,0.006517,4.485,9.295,NA,NA
"540","2022-06-29","2022-08-30","A",4,"Clover",5.482,1.429,0.06176,-0.6684,11.63,"LR","None","Signal",6.97e-08,5.482,1.429,0.06176,-0.6684,11.63,NA,NA
"544","2022-06-29","2022-08-30","B",4,"Clover",7.434,0.2571,0.02201,4.167,10.7,"HMR","None","Signal",6.482e-08,5.838,0.3131,0.002863,4.491,7.185,NA,NA
"548","2022-06-29","2022-08-30","C",4,"Clover",5.08,2.147,0.1416,-4.158,14.32,"LR","None","Signal",4.412e-08,5.08,2.147,0.1416,-4.158,14.32,NA,NA
"552","2022-06-29","2022-08-30","D",4,"Clover",14.7,21.02,0.6114,-252.3,281.7,"HMR","None","Signal",0.03532,2.041,1.404,0.2833,-4.001,8.083,NA,NA
"556","2022-06-29","2022-08-30","A",4,"Trit",25.01,136.8,0.8849,-1713,1763,"HMR","None","Signal",0.0002302,1.894,2.711,0.5572,-9.772,13.56,NA,NA
"560","2022-06-29","2022-08-30","B",4,"Trit",11.19,2.117,0.03397,2.083,20.3,"LR","None","Signal",0,11.19,2.117,0.03397,2.083,20.3,NA,NA
"564","2022-06-29","2022-08-30","C",4,"Trit",9.587,0.2821,0.01873,6.002,13.17,"HMR","None","Signal",7.661e-15,8.05,0.3074,0.001455,6.727,9.372,NA,NA
"568","2022-06-30","2022-07-13","A",1,"3Spp",NA,NA,NA,NA,NA,"None","Data error","None",NA,NA,NA,NA,NA,NA,0.121537046404353,21.7759265938083
"576","2022-06-30","2022-07-13","B",1,"3Spp",NA,NA,NA,NA,NA,"None","Data error","None",NA,NA,NA,NA,NA,NA,0.00073356525406301,49.2354055056217
"584","2022-06-30","2022-07-13","C",1,"3Spp",NA,NA,NA,NA,NA,"None","Data error","None",NA,NA,NA,NA,NA,NA,0.111576674151932,22.2579562670399
"592","2022-06-30","2022-07-13","A",1,"Clover",NA,NA,NA,NA,NA,"None","Data error","None",NA,NA,NA,NA,NA,NA,1.35766273281524e-06,60.7973314276751
"600","2022-06-30","2022-07-13","B",1,"Clover",NA,NA,NA,NA,NA,"None","Data error","None",NA,NA,NA,NA,NA,NA,0.0172268533152683,4.6766322526206
"608","2022-06-30","2022-07-13","C",1,"Clover",NA,NA,NA,NA,NA,"None","Data error","None",NA,NA,NA,NA,NA,NA,8.15981150981994e-17,94.5092978955799
"616","2022-06-30","2022-07-13","D",1,"Clover",NA,NA,NA,NA,NA,"None","Data error","None",NA,NA,NA,NA,NA,NA,0.0994454175250536,27.0888975453706
"624","2022-06-30","2022-07-13","A",1,"Trit",NA,NA,NA,NA,NA,"None","Data error","None",NA,NA,NA,NA,NA,NA,1.47090463240346e-46,152.925130352286
"632","2022-06-30","2022-07-13","B",1,"Trit",NA,NA,NA,NA,NA,"None","Data error","None",NA,NA,NA,NA,NA,NA,0.0814715949142076,29.3220783095104
"640","2022-06-30","2022-07-13","C",1,"Trit",NA,NA,NA,NA,NA,"None","Data error","None",NA,NA,NA,NA,NA,NA,8.76795105972046e-09,70.3328723110534
"648","2022-06-30","2022-07-13","A",2,"3Spp",NA,NA,NA,NA,NA,"None","Data error","None",NA,NA,NA,NA,NA,NA,0.0462647854368893,13.36216249683
"656","2022-06-30","2022-07-13","B",2,"3Spp",NA,NA,NA,NA,NA,"None","Data error","None",NA,NA,NA,NA,NA,NA,1.4969556695283e-06,60.8278793851713
"664","2022-06-30","2022-07-13","C",2,"3Spp",NA,NA,NA,NA,NA,"None","Data error","None",NA,NA,NA,NA,NA,NA,0.00971671411276461,35.8812925530556
"672","2022-06-30","2022-07-13","A",2,"Clover",NA,NA,NA,NA,NA,"None","Data error","None",NA,NA,NA,NA,NA,NA,0.0590510110388113,13.4697794868878
"680","2022-06-30","2022-07-13","B",2,"Clover",NA,NA,NA,NA,NA,"None","Data error","None",NA,NA,NA,NA,NA,NA,2.49891383881446e-205,320.495405023711
"688","2022-06-30","2022-07-13","C",2,"Clover",NA,NA,NA,NA,NA,"None","Data error","None",NA,NA,NA,NA,NA,NA,0.0180864709650239,8.37311506817562
"696","2022-06-30","2022-07-13","D",2,"Clover",NA,NA,NA,NA,NA,"None","Data error","None",NA,NA,NA,NA,NA,NA,0.0720700063644252,12.088007639559
"704","2022-06-30","2022-07-13","A",2,"Trit",NA,NA,NA,NA,NA,"None","Data error","None",NA,NA,NA,NA,NA,NA,0.00316575035542952,4.93168025404088
"712","2022-06-30","2022-07-13","B",2,"Trit",NA,NA,NA,NA,NA,"None","Data error","None",NA,NA,NA,NA,NA,NA,6.12180179606247e-23,93.899382505028
"720","2022-06-30","2022-07-13","C",2,"Trit",NA,NA,NA,NA,NA,"None","Data error","None",NA,NA,NA,NA,NA,NA,3.63712737331165e-49,159.025320818837
"728","2022-07-07","2022-09-02","A",3,"3Spp",NA,NA,NA,NA,NA,"None","Data error","None",NA,NA,NA,NA,NA,NA,8.45914226836108e-06,54.8286843352108
"736","2022-07-07","2022-10-16","B",3,"3Spp",NA,NA,NA,NA,NA,"None","Data error","None",NA,NA,NA,NA,NA,NA,6.36312295838087e-05,49.0043702683163
"744","2022-07-07","2022-09-02","C",3,"3Spp",NA,NA,NA,NA,NA,"None","Data error","None",NA,NA,NA,NA,NA,NA,0.00783454887692659,38.3240700969071
"752","2022-07-07","2022-09-02","A",3,"Clover",NA,NA,NA,NA,NA,"None","Data error","None",NA,NA,NA,NA,NA,NA,0.000544394214180079,48.7684455582265
"760","2022-07-07","2022-09-02","B",3,"Clover",NA,NA,NA,NA,NA,"None","Data error","None",NA,NA,NA,NA,NA,NA,0.00191409049428814,45.4152363046355
"768","2022-07-07","2022-09-02","C",3,"Clover",NA,NA,NA,NA,NA,"None","Data error","None",NA,NA,NA,NA,NA,NA,0.0111714775109865,35.5974961792641
"776","2022-07-07","2022-10-16","D",3,"Clover",NA,NA,NA,NA,NA,"None","Data error","None",NA,NA,NA,NA,NA,NA,0.0113455477084877,40.0945487320574
"784","2022-07-07","2022-09-02","A",3,"Trit",NA,NA,NA,NA,NA,"None","Data error","None",NA,NA,NA,NA,NA,NA,0.0010956548994329,42.6724643212827
"792","2022-07-07","2022-09-02","B",3,"Trit",NA,NA,NA,NA,NA,"None","Data error","None",NA,NA,NA,NA,NA,NA,9.26564256659794e-08,60.7006919068796
"800","2022-07-07","2022-09-02","C",3,"Trit",NA,NA,NA,NA,NA,"None","Data error","None",NA,NA,NA,NA,NA,NA,4.66651494845702e-05,25.1352877291489
"808","2022-07-07","2022-10-16","A",4,"3Spp",NA,NA,NA,NA,NA,"None","Data error","None",NA,NA,NA,NA,NA,NA,0.000289597976622401,48.6255468020012
"816","2022-07-07","2022-10-16","B",4,"3Spp",NA,NA,NA,NA,NA,"None","Data error","None",NA,NA,NA,NA,NA,NA,0.00405646775392517,38.7468664257507
"824","2022-07-07","2022-10-16","C",4,"3Spp",NA,NA,NA,NA,NA,"None","Data error","None",NA,NA,NA,NA,NA,NA,0.00266998968595845,43.613366606358
"832","2022-07-07","2022-10-16","A",4,"Clover",NA,NA,NA,NA,NA,"None","Data error","None",NA,NA,NA,NA,NA,NA,6.78541354317183e-05,54.033592535093
"840","2022-07-07","2022-09-02","B",4,"Clover",NA,NA,NA,NA,NA,"None","Data error","None",NA,NA,NA,NA,NA,NA,0.000456719762034883,47.1777211826607
"848","2022-07-07","2022-10-16","C",4,"Clover",NA,NA,NA,NA,NA,"None","Data error","None",NA,NA,NA,NA,NA,NA,1.28980032273927e-05,52.1139831804297
"856","2022-07-07","2022-09-02","D",4,"Clover",NA,NA,NA,NA,NA,"None","Data error","None",NA,NA,NA,NA,NA,NA,0.000219870878059214,45.8077078245383
"864","2022-07-07","2022-09-02","A",4,"Trit",NA,NA,NA,NA,NA,"None","Data error","None",NA,NA,NA,NA,NA,NA,0.00680848274822887,34.580062037787
"872","2022-07-07","2022-10-16","B",4,"Trit",NA,NA,NA,NA,NA,"None","Data error","None",NA,NA,NA,NA,NA,NA,1.49367649593107e-07,58.2822591505986
"880","2022-07-07","2022-10-16","C",4,"Trit",NA,NA,NA,NA,NA,"None","Data error","None",NA,NA,NA,NA,NA,NA,8.17896009732908e-06,59.3009772960623
"888","2022-07-19","2022-09-04","A",1,"3Spp",0,NA,NA,NA,NA,"No flux","None","Noise",0.7805,0.1274,0.7104,0.8742,-2.929,3.184,NA,NA
"892","2022-07-19","2022-09-04","B",1,"3Spp",4.034,1.59,0.1265,-2.806,10.87,"LR","None","Signal",4.939e-05,4.034,1.59,0.1265,-2.806,10.87,NA,NA
"896","2022-07-19","2022-09-04","C",1,"3Spp",7.402,9.303,0.5721,-110.8,125.6,"HMR","None","Signal",0.0004029,3.749,1.248,0.0953,-1.622,9.121,NA,NA
"900","2022-07-19","2022-09-04","A",1,"Clover",2.678,0.4176,0.02346,0.8813,4.475,"LR","None","Signal",0.0468,2.678,0.4176,0.02346,0.8813,4.475,NA,NA
"904","2022-07-19","2022-09-04","B",1,"Clover",5.237,3.689,0.3907,-41.64,52.11,"HMR","None","Signal",0.0001364,4.291,0.6751,0.02387,1.386,7.195,NA,NA
"908","2022-07-19","2022-09-04","C",1,"Clover",4.073,1.499,0.113,-2.377,10.52,"LR","None","Signal",5.594e-05,4.073,1.499,0.113,-2.377,10.52,NA,NA
"912","2022-07-19","2022-09-04","D",1,"Clover",5.749,0.6082,0.0671,-1.979,13.48,"HMR","None","Signal",0.005972,3.381,0.41,0.01439,1.617,5.145,NA,NA
"916","2022-07-19","2022-09-04","A",1,"Trit",0,NA,NA,NA,NA,"No flux","None","Noise",0.08945,2.393,0.4559,0.03442,0.4318,4.355,NA,NA
"920","2022-07-19","2022-09-04","B",1,"Trit",7.292,0.6063,0.05281,-0.412,15,"HMR","None","Signal",4.662e-07,5.495,0.3523,0.004085,3.98,7.011,NA,NA
"924","2022-07-19","2022-09-04","C",1,"Trit",6.131,0.03956,0.004108,5.628,6.634,"HMR","None","Signal",3.36e-06,5.15,0.1943,0.00142,4.314,5.986,NA,NA
"928","2022-07-19","2022-09-04","A",2,"3Spp",7.072,4.415,0.3553,-49.02,63.17,"HMR","None","Signal",3.106e-10,6.568,0.8557,0.01655,2.887,10.25,NA,NA
"932","2022-07-19","2022-09-04","B",2,"3Spp",6.365,0.6682,0.01084,3.49,9.24,"LR","None","Signal",1.632e-09,6.365,0.6682,0.01084,3.49,9.24,NA,NA
"936","2022-07-19","2022-09-04","C",2,"3Spp",8.666,0.6765,0.0496,0.06953,17.26,"HMR","None","Signal",1.891e-12,7.366,0.289,0.001536,6.122,8.61,NA,NA
"940","2022-07-19","2022-09-04","A",2,"Clover",7.696,1.385,0.1133,-9.899,25.29,"HMR","None","Signal",7.152e-08,5.808,0.4195,0.005176,4.003,7.614,NA,NA
"944","2022-07-19","2022-09-04","B",2,"Clover",5.814,0.9173,0.024,1.867,9.761,"LR","None","Signal",3.482e-08,5.814,0.9173,0.024,1.867,9.761,NA,NA
"948","2022-07-19","2022-09-04","C",2,"Clover",6.122,2.333,0.1197,-3.918,16.16,"LR","None","Signal",4.418e-11,6.122,2.333,0.1197,-3.918,16.16,NA,NA
"952","2022-07-19","2022-09-04","D",2,"Clover",7.964,1.562,0.1233,-11.88,27.8,"HMR","None","Signal",7.057e-05,4.459,0.6103,0.01823,1.833,7.084,NA,NA
"956","2022-07-19","2022-09-04","A",2,"Trit",10.38,4.595,0.2653,-48.01,68.77,"HMR","None","Signal",0.0003911,3.856,1.087,0.07107,-0.8199,8.533,NA,NA
"960","2022-07-19","2022-09-04","B",2,"Trit",12.73,1.988,0.09865,-12.53,37.99,"HMR","None","Signal",9.709e-09,5.978,1.054,0.02969,1.445,10.51,NA,NA
"964","2022-07-19","2022-09-04","C",2,"Trit",7.58,0.09577,0.008043,6.363,8.797,"HMR","None","Signal",4.193e-11,6.959,0.128,0.0003383,6.408,7.51,NA,NA
"968","2022-07-19","2022-10-16","A",3,"3Spp",5.605,1.289,0.049,0.06068,11.15,"LR","None","Signal",5.127e-08,5.605,1.289,0.049,0.06068,11.15,NA,NA
"972","2022-07-19","2022-10-16","B",3,"3Spp",6.494,5.2,0.4298,-59.57,72.56,"HMR","None","Signal",3.101e-05,4.532,0.923,0.03907,0.5604,8.504,NA,NA
"976","2022-07-19","2022-10-16","C",3,"3Spp",6.55,0.4453,0.04321,0.892,12.21,"HMR","None","Signal",4.523e-05,4.607,0.3706,0.006409,3.013,6.202,NA,NA
"980","2022-07-19","2022-10-16","A",3,"Clover",7.423,0.2188,0.01876,4.643,10.2,"HMR","None","Signal",1.411e-06,5.289,0.4006,0.005689,3.565,7.012,NA,NA
"984","2022-07-19","2022-10-16","B",3,"Clover",6.219,2.15,0.2119,-21.1,33.54,"HMR","None","Signal",2.487e-05,4.719,0.4522,0.009059,2.773,6.665,NA,NA
"988","2022-07-19","2022-10-16","C",3,"Clover",4.329,1.34,0.08388,-1.435,10.09,"LR","None","Signal",2.967e-05,4.329,1.34,0.08388,-1.435,10.09,NA,NA
"992","2022-07-19","2022-10-16","D",3,"Clover",5.562,0.6874,0.07828,-3.172,14.3,"HMR","None","Signal",0.0001939,4.299,0.2652,0.003783,3.158,5.441,NA,NA
"996","2022-07-19","2022-10-16","A",3,"Trit",0,NA,NA,NA,NA,"No flux","None","Noise",0.06861,2.424,0.6463,0.06431,-0.3569,5.205,NA,NA
"1000","2022-07-19","2022-10-16","B",3,"Trit",5.644,0.05148,0.005806,4.99,6.298,"HMR","None","Signal",0.0001578,4.349,0.2482,0.003242,3.281,5.417,NA,NA
"1004","2022-07-19","2022-10-16","C",3,"Trit",10.25,0.6671,0.04139,1.769,18.72,"HMR","None","Signal",6.336e-07,5.34,0.8167,0.0226,1.826,8.854,NA,NA
"1008","2022-07-19","2022-10-16","A",4,"3Spp",5.077,0.5264,0.01058,2.812,7.342,"LR","None","Signal",3.847e-06,5.077,0.5264,0.01058,2.812,7.342,NA,NA
"1012","2022-07-19","2022-10-16","B",4,"3Spp",5.146,1.109,0.04346,0.3731,9.919,"LR","None","Signal",1.01e-06,5.146,1.109,0.04346,0.3731,9.919,NA,NA
"1016","2022-07-19","2022-10-16","C",4,"3Spp",10.91,3.227,0.1831,-30.09,51.9,"HMR","None","Signal",3.04e-05,4.479,1.053,0.0511,-0.05305,9.011,NA,NA
"1020","2022-07-19","2022-10-16","A",4,"Clover",4.55,0.5765,0.01568,2.07,7.031,"LR","None","Signal",4.835e-05,4.55,0.5765,0.01568,2.07,7.031,NA,NA
"1024","2022-07-19","2022-10-16","B",4,"Clover",9.823,1.271,0.08193,-6.329,25.97,"HMR","None","Signal",1.929e-06,5.148,0.7682,0.02155,1.843,8.453,NA,NA
"1028","2022-07-19","2022-10-16","C",4,"Clover",5.947,2.42,0.1333,-4.465,16.36,"LR","None","Signal",8.622e-11,5.947,2.42,0.1333,-4.465,16.36,NA,NA
"1032","2022-07-19","2022-10-16","D",4,"Clover",9.632,1.781,0.1164,-13,32.27,"HMR","None","Signal",8.818e-07,5.289,0.7868,0.02143,1.903,8.674,NA,NA
"1036","2022-07-19","2022-10-16","A",4,"Trit",5.002,1.018,0.03903,0.6207,9.383,"LR","None","Signal",2.607e-06,5.002,1.018,0.03903,0.6207,9.383,NA,NA
"1040","2022-07-19","2022-10-16","B",4,"Trit",12.84,0.2412,0.01196,9.772,15.9,"HMR","None","Signal",7.35e-14,7.684,0.898,0.01338,3.82,11.55,NA,NA
"1044","2022-07-19","2022-10-16","C",4,"Trit",9.001,0.4524,0.03197,3.252,14.75,"HMR","None","Signal",1.023e-09,6.47,0.4747,0.00534,4.427,8.512,NA,NA
"1048","2022-08-02","2022-10-16","A",1,"3Spp",5.593,2.755,0.2914,-29.41,40.6,"HMR","None","Signal",0.0007372,3.92,0.5519,0.01926,1.545,6.294,NA,NA
"1052","2022-08-02","2022-10-16","B",1,"3Spp",4.216,0.3719,0.05601,-0.5096,8.942,"HMR","None","Signal",0.01234,3.194,0.202,0.003976,2.325,4.064,NA,NA
"1056","2022-08-02","2022-10-16","C",1,"3Spp",5.025,1.146,0.1427,-9.532,19.58,"HMR","None","Signal",0.003363,3.564,0.3362,0.008784,2.117,5.011,NA,NA
"1060","2022-08-02","2022-10-16","A",1,"Clover",0,NA,NA,NA,NA,"No flux","None","Noise",0.05889,2.615,0.3148,0.01419,1.26,3.969,NA,NA
"1064","2022-08-02","2022-10-16","B",1,"Clover",3.618,0.3112,0.007315,2.279,4.957,"LR","None","Signal",0.002817,3.618,0.3112,0.007315,2.279,4.957,NA,NA
"1068","2022-08-02","2022-10-16","C",1,"Clover",3.088,0.7402,0.05295,-0.09715,6.272,"LR","None","Signal",0.01043,3.088,0.7402,0.05295,-0.09715,6.272,NA,NA
"1072","2022-08-02","2022-10-16","D",1,"Clover",5.119,1.897,0.226,-18.99,29.23,"HMR","None","Signal",0.0009917,3.883,0.3892,0.009899,2.208,5.558,NA,NA
"1076","2022-08-02","2022-10-16","A",1,"Trit",3.996,1.21,0.1871,-11.38,19.37,"HMR","None","Signal",0.002689,3.642,0.2423,0.004397,2.599,4.684,NA,NA
"1080","2022-08-02","2022-10-16","B",1,"Trit",4.799,0.2969,0.003804,3.522,6.077,"LR","None","Signal",1.894e-05,4.799,0.2969,0.003804,3.522,6.077,NA,NA
"1084","2022-08-02","2022-10-16","C",1,"Trit",0,NA,NA,NA,NA,"No flux","None","Noise",0.1085,2.337,0.3664,0.02372,0.7601,3.913,NA,NA
"1088","2022-08-02","2022-10-16","A",2,"3Spp",6.419,3.504,0.3181,-38.11,50.95,"HMR","None","Signal",8.519e-06,4.892,0.6494,0.01717,2.098,7.687,NA,NA
"1092","2022-08-02","2022-10-16","B",2,"3Spp",3.836,2.482,0.3656,-27.7,35.37,"HMR","None","Signal",0.002846,3.578,0.4818,0.01766,1.505,5.651,NA,NA
"1096","2022-08-02","2022-10-16","C",2,"3Spp",6.288,1.139,0.1141,-8.191,20.77,"HMR","None","Signal",5.175e-05,4.579,0.3633,0.006233,3.016,6.142,NA,NA
"1100","2022-08-02","2022-10-16","A",2,"Clover",2.928,0.6968,0.05222,-0.06959,5.926,"LR","None","Signal",0.01768,2.928,0.6968,0.05222,-0.06959,5.926,NA,NA
"1104","2022-08-02","2022-10-16","B",2,"Clover",10.47,1.951,0.1173,-14.31,35.25,"HMR","None","Signal",0.001419,3.572,0.9754,0.06715,-0.625,7.769,NA,NA
"1108","2022-08-02","2022-10-16","C",2,"Clover",3.584,0.0103,8.268e-06,3.539,3.628,"LR","None","Signal",0.003506,3.584,0.0103,8.268e-06,3.539,3.628,NA,NA
"1112","2022-08-02","2022-10-16","D",2,"Clover",0,NA,NA,NA,NA,"No flux","None","Noise",0.1084,2.333,0.378,0.02526,0.7067,3.96,NA,NA
"1116","2022-08-02","2022-10-16","A",2,"Trit",0,NA,NA,NA,NA,"No flux","None","Noise",0.1482,1.865,0.8859,0.1699,-1.947,5.677,NA,NA
"1120","2022-08-02","2022-10-16","B",2,"Trit",5.64,3.721,0.3713,-41.64,52.92,"HMR","None","Signal",2.538e-05,4.658,0.686,0.02101,1.706,7.61,NA,NA
"1124","2022-08-02","2022-10-16","C",2,"Trit",3.375,0.8092,0.05296,-0.1068,6.857,"LR","None","Signal",0.003764,3.375,0.8092,0.05296,-0.1068,6.857,NA,NA
"1128","2022-09-01","2022-10-23","A",1,"3Spp",4.365,3.567,0.4362,-40.96,49.69,"HMR","None","Signal",0.0004041,4.028,0.687,0.02788,1.072,6.984,NA,NA
"1132","2022-09-01","2022-10-23","B",1,"3Spp",0,NA,NA,NA,NA,"No flux","None","Noise",0.1474,2.135,0.5002,0.05073,-0.0167,4.287,NA,NA
"1136","2022-09-01","2022-10-23","C",1,"3Spp",3.325,0.9739,0.07614,-0.8657,7.515,"LR","None","Signal",0.003326,3.325,0.9739,0.07614,-0.8657,7.515,NA,NA
"1140","2022-09-01","2022-10-23","A",1,"Clover",3.405,0.4937,0.09166,-2.868,9.678,"HMR","None","Signal",0.04819,2.722,0.1559,0.003264,2.051,3.393,NA,NA
"1144","2022-09-01","2022-10-23","B",1,"Clover",5.178,0.14,0.01721,3.399,6.957,"HMR","None","Signal",0.01965,3.009,0.3708,0.01485,1.413,4.604,NA,NA
"1148","2022-09-01","2022-10-23","C",1,"Clover",5.886,2.291,0.2364,-23.23,35,"HMR","None","Signal",0.009989,3.174,0.5677,0.03054,0.7309,5.617,NA,NA
"1152","2022-09-01","2022-10-23","D",1,"Clover",3.31,0.3889,0.07445,-1.631,8.251,"HMR","None","Signal",0.01962,3.052,0.09088,0.0008855,2.661,3.443,NA,NA
"1156","2022-09-01","2022-10-23","A",1,"Trit",0,NA,NA,NA,NA,"No flux","None","Noise",0.1276,2.303,0.1923,0.0069,1.475,3.13,NA,NA
"1160","2022-09-01","2022-10-23","B",1,"Trit",4.198,0.5042,0.01412,2.029,6.368,"LR","None","Signal",0.0002485,4.198,0.5042,0.01412,2.029,6.368,NA,NA
"1164","2022-09-01","2022-10-23","C",1,"Trit",3.351,0.4805,0.01995,1.284,5.419,"LR","None","Signal",0.006191,3.351,0.4805,0.01995,1.284,5.419,NA,NA
"1168","2022-09-01","2022-10-23","A",2,"3Spp",0,NA,NA,NA,NA,"No flux","None","Noise",0.06761,2.563,0.2933,0.01284,1.301,3.825,NA,NA
"1172","2022-09-01","2022-10-23","B",2,"3Spp",2.872,0.4201,0.02073,1.064,4.68,"LR","None","Signal",0.02788,2.872,0.4201,0.02073,1.064,4.68,NA,NA
"1176","2022-09-01","2022-10-23","C",2,"3Spp",6.797,6.124,0.4669,-71.02,84.61,"HMR","None","Signal",0.003743,3.341,0.8801,0.06291,-0.4456,7.128,NA,NA
"1180","2022-09-01","2022-10-23","A",2,"Clover",5.272,1.114,0.1326,-8.888,19.43,"HMR","None","Signal",0.04884,2.647,0.4599,0.02889,0.6681,4.626,NA,NA
"1184","2022-09-01","2022-10-23","B",2,"Clover",3.565,1.065,0.0788,-1.016,8.147,"LR","None","Signal",0.001211,3.565,1.065,0.0788,-1.016,8.147,NA,NA
"1188","2022-09-01","2022-10-23","C",2,"Clover",0,NA,NA,NA,NA,"No flux","None","Noise",0.2324,1.879,0.5073,0.06578,-0.3037,4.062,NA,NA
"1192","2022-09-01","2022-10-23","D",2,"Clover",0,NA,NA,NA,NA,"No flux","None","Noise",0.1934,2.093,0.1988,0.008907,1.237,2.948,NA,NA
"1196","2022-09-01","2022-10-23","A",2,"Trit",0,NA,NA,NA,NA,"No flux","None","Noise",0.05104,2.705,0.09695,0.001282,2.288,3.122,NA,NA
"1200","2022-09-01","2022-10-23","B",2,"Trit",0,NA,NA,NA,NA,"No flux","None","Noise",0.3039,1.422,0.8391,0.2322,-2.188,5.033,NA,NA
"1204","2022-09-01","2022-10-23","C",2,"Trit",4.007,1.439,0.2194,-14.27,22.28,"HMR","None","Signal",0.03265,2.843,0.3085,0.01157,1.516,4.17,NA,NA
"1208","2022-09-01","2022-11-23","A",3,"3Spp",0,NA,NA,NA,NA,"No flux","None","Noise",0.2336,2.006,0.07134,0.001262,1.699,2.313,NA,NA
"1212","2022-09-01","2022-11-23","B",3,"3Spp",0,NA,NA,NA,NA,"No flux","None","Noise",0.1531,2.228,0.07914,0.001259,1.888,2.569,NA,NA
"1216","2022-09-01","2022-11-23","C",3,"3Spp",3.456,0.3867,0.01229,1.792,5.119,"LR","None","Signal",0.004724,3.456,0.3867,0.01229,1.792,5.119,NA,NA
"1220","2022-09-01","2022-11-23","A",3,"Clover",5.15,1.084,0.1321,-8.628,18.93,"HMR","None","Signal",9.779e-05,4.457,0.2405,0.002899,3.422,5.492,NA,NA
"1224","2022-09-01","2022-11-23","B",3,"Clover",5.652,0.4518,0.05079,-0.08963,11.39,"HMR","None","Signal",0.0009243,3.913,0.3239,0.006784,2.519,5.307,NA,NA
"1228","2022-09-01","2022-11-23","C",3,"Clover",0,NA,NA,NA,NA,"No flux","None","Noise",0.2922,1.744,0.4895,0.0705,-0.3615,3.85,NA,NA
"1232","2022-09-01","2022-11-23","D",3,"Clover",0,NA,NA,NA,NA,"No flux","None","Noise",0.1012,2.236,0.6636,0.07795,-0.6196,5.091,NA,NA
"1236","2022-09-01","2022-11-23","A",3,"Trit",11.13,1.04,0.05929,-2.08,24.35,"HMR","None","Signal",0.00468,3.205,0.9962,0.08452,-1.081,7.492,NA,NA
"1240","2022-09-01","2022-11-23","B",3,"Trit",3.68,0.2777,0.005645,2.485,4.875,"LR","None","Signal",0.002295,3.68,0.2777,0.005645,2.485,4.875,NA,NA
"1244","2022-09-01","2022-11-23","C",3,"Trit",5.904,1.671,0.1755,-15.32,27.13,"HMR","None","Signal",0.0002163,4.249,0.4219,0.009715,2.434,6.064,NA,NA
"1248","2022-09-01","2022-11-23","A",4,"3Spp",0,NA,NA,NA,NA,"No flux","None","Noise",0.141,1.921,0.8564,0.1541,-1.764,5.606,NA,NA
"1252","2022-09-01","2022-11-23","B",4,"3Spp",4.032,1.753,0.2611,-18.24,26.31,"HMR","None","Signal",0.00821,3.3,0.3385,0.01036,1.844,4.756,NA,NA
"1256","2022-09-01","2022-11-23","C",4,"3Spp",7.762,6.016,0.4198,-68.68,84.2,"HMR","None","Signal",0.0164,2.794,0.973,0.1029,-1.392,6.981,NA,NA
"1260","2022-09-01","2022-11-23","A",4,"Clover",0,NA,NA,NA,NA,"No flux","None","Noise",0.436,1.209,0.7454,0.2462,-1.998,4.416,NA,NA
"1264","2022-09-01","2022-11-23","B",4,"Clover",0,NA,NA,NA,NA,"No flux","None","Noise",0.9345,0.3496,0.3753,0.45,-1.265,1.965,NA,NA
"1268","2022-09-01","2022-11-23","C",4,"Clover",0,NA,NA,NA,NA,"No flux","None","Noise",0.4772,1.261,0.6168,0.1776,-1.393,3.915,NA,NA
"1272","2022-09-01","2022-11-23","D",4,"Clover",0,NA,NA,NA,NA,"No flux","None","Noise",0.08599,2.113,0.9387,0.1532,-1.926,6.152,NA,NA
"1276","2022-09-01","2022-11-23","A",4,"Trit",4.422,0.2619,0.03766,1.094,7.749,"HMR","None","Signal",0.003174,3.604,0.1653,0.002097,2.893,4.315,NA,NA
"1280","2022-09-01","2022-11-23","B",4,"Trit",7.352,0.2275,0.01969,4.461,10.24,"HMR","None","Signal",0.00201,3.64,0.5983,0.02597,1.066,6.214,NA,NA
"1284","2022-09-01","2022-11-23","C",4,"Trit",2.791,0.2908,0.01068,1.54,4.042,"LR","None","Signal",0.03797,2.791,0.2908,0.01068,1.54,4.042,NA,NA
"1288","2022-09-10","2022-11-24","A",1,"3Spp",NA,NA,NA,NA,NA,"None","Data error","None",NA,NA,NA,NA,NA,NA,0.0144427653408064,35.5959089451839
"1296","2022-09-10","2022-11-24","B",1,"3Spp",NA,NA,NA,NA,NA,"None","Data error","None",NA,NA,NA,NA,NA,NA,0.000272011328327812,50.8809389455459
"1304","2022-09-10","2022-11-24","C",1,"3Spp",NA,NA,NA,NA,NA,"None","Data error","None",NA,NA,NA,NA,NA,NA,0.0796936351102916,28.8534771404812
"1312","2022-09-10","2022-11-24","A",1,"Clover",NA,NA,NA,NA,NA,"None","Data error","None",NA,NA,NA,NA,NA,NA,0.00458752553768041,34.7431935295722
"1320","2022-09-10","2022-11-24","B",1,"Clover",NA,NA,NA,NA,NA,"None","Data error","None",NA,NA,NA,NA,NA,NA,0.121978487706653,19.2192883993079
"1328","2022-09-10","2022-11-24","C",1,"Clover",NA,NA,NA,NA,NA,"None","Data error","None",NA,NA,NA,NA,NA,NA,0.0218169859646628,31.4312118714015
"1336","2022-09-10","2022-11-24","D",1,"Clover",NA,NA,NA,NA,NA,"None","Data error","None",NA,NA,NA,NA,NA,NA,0.110618183816702,19.0696960862104
"1344","2022-09-10","2022-11-24","A",1,"Trit",NA,NA,NA,NA,NA,"None","Data error","None",NA,NA,NA,NA,NA,NA,3.16311546754151e-05,24.4469032288082
"1352","2022-09-10","2022-11-24","B",1,"Trit",NA,NA,NA,NA,NA,"None","Data error","None",NA,NA,NA,NA,NA,NA,0.120407363091004,1.72104943052294
"1360","2022-09-10","2022-11-24","C",1,"Trit",NA,NA,NA,NA,NA,"None","Data error","None",NA,NA,NA,NA,NA,NA,5.78552286538848e-06,60.112036814994
"1368","2022-09-10","2022-11-24","A",2,"3Spp",NA,NA,NA,NA,NA,"None","Data error","None",NA,NA,NA,NA,NA,NA,2.35290217098804e-11,77.8496835908781
"1376","2022-09-10","2022-11-24","B",2,"3Spp",NA,NA,NA,NA,NA,"None","Data error","None",NA,NA,NA,NA,NA,NA,0.117000280119605,12.5934463160962
"1384","2022-09-10","2022-11-24","C",2,"3Spp",NA,NA,NA,NA,NA,"None","Data error","None",NA,NA,NA,NA,NA,NA,1.05626174804991e-05,58.4554683190835
"1392","2022-09-10","2022-11-24","A",2,"Clover",NA,NA,NA,NA,NA,"None","Data error","None",NA,NA,NA,NA,NA,NA,0.0421427567199672,26.9620015998691
"1400","2022-09-10","2022-11-24","B",2,"Clover",NA,NA,NA,NA,NA,"None","Data error","None",NA,NA,NA,NA,NA,NA,1.69049062419497e-07,64.8193609919208
"1408","2022-09-10","2022-11-24","C",2,"Clover",NA,NA,NA,NA,NA,"None","Data error","None",NA,NA,NA,NA,NA,NA,0.0211115494115015,-10.4844189297274
"1416","2022-09-10","2022-11-24","D",2,"Clover",NA,NA,NA,NA,NA,"None","Data error","None",NA,NA,NA,NA,NA,NA,0.0938118849555167,21.4128872886242
"1424","2022-09-10","2022-11-24","A",2,"Trit",NA,NA,NA,NA,NA,"None","Data error","None",NA,NA,NA,NA,NA,NA,0.0670785186826469,13.1532972484716
"1432","2022-09-10","2022-11-24","B",2,"Trit",NA,NA,NA,NA,NA,"None","Data error","None",NA,NA,NA,NA,NA,NA,8.77587500488259e-10,54.4213689374047
"1440","2022-09-10","2022-11-24","C",2,"Trit",NA,NA,NA,NA,NA,"None","Data error","None",NA,NA,NA,NA,NA,NA,0.0739193320564573,4.27094277997494
"1448","2022-09-10","2022-11-25","A",3,"3Spp",4.891,2.367,0.1748,-5.295,15.08,"LR","None","Signal",4.196e-08,4.891,2.367,0.1748,-5.295,15.08,NA,NA
"1452","2022-09-10","2022-11-25","B",3,"3Spp",5.079,0.9289,0.03186,1.082,9.076,"LR","None","Signal",2.092e-06,5.079,0.9289,0.03186,1.082,9.076,NA,NA
"1456","2022-09-10","2022-11-25","C",3,"3Spp",0,NA,NA,NA,NA,"No flux","None","Noise",0.5221,1.128,0.6529,0.2261,-1.681,3.937,NA,NA
"1460","2022-09-10","2022-11-25","A",3,"Clover",9.425,4.185,0.266,-43.75,62.6,"HMR","None","Signal",1.773e-07,5.556,0.8543,0.02284,1.88,9.232,NA,NA
"1464","2022-09-10","2022-11-25","B",3,"Clover",5.049,1.347,0.06435,-0.7455,10.84,"LR","None","Signal",9.2e-07,5.049,1.347,0.06435,-0.7455,10.84,NA,NA
"1468","2022-09-10","2022-11-25","C",3,"Clover",4.18,1.72,0.1357,-3.222,11.58,"LR","None","Signal",1.725e-05,4.18,1.72,0.1357,-3.222,11.58,NA,NA
"1472","2022-09-10","2022-11-25","D",3,"Clover",5.658,4.443,0.4238,-50.8,62.11,"HMR","None","Signal",0.02925,2.714,0.7544,0.06933,-0.532,5.96,NA,NA
"1476","2022-09-10","2022-11-25","A",3,"Trit",2.449,2.164,0.3752,-6.864,11.76,"LR","None","Signal",0.000997,2.449,2.164,0.3752,-6.864,11.76,NA,NA
"1480","2022-09-10","2022-11-25","B",3,"Trit",2.54,2.443,0.4076,-7.97,13.05,"LR","None","Signal",0.0002188,2.54,2.443,0.4076,-7.97,13.05,NA,NA
"1484","2022-09-10","2022-11-25","C",3,"Trit",4.224,2.578,0.243,-6.87,15.32,"LR","None","Signal",3.273e-07,4.224,2.578,0.243,-6.87,15.32,NA,NA
"1488","2022-09-10","2022-11-25","A",4,"3Spp",4.258,0.8594,0.0384,0.5604,7.956,"LR","None","Signal",0.0001179,4.258,0.8594,0.0384,0.5604,7.956,NA,NA
"1492","2022-09-10","2022-11-25","B",4,"3Spp",14.8,19.69,0.5897,-235.4,265,"HMR","None","Signal",0.005026,2.577,1.654,0.2595,-4.54,9.694,NA,NA
"1496","2022-09-10","2022-11-25","C",4,"3Spp",9.014,1.601,0.1119,-11.33,29.35,"HMR","None","Signal",1.272e-08,6.058,0.6059,0.009856,3.451,8.665,NA,NA
"1500","2022-09-10","2022-11-25","A",4,"Clover",6.423,8.435,0.5857,-100.8,113.6,"HMR","None","Signal",1.788e-05,4.404,1.401,0.08808,-1.625,10.43,NA,NA
"1504","2022-09-10","2022-11-25","B",4,"Clover",9.486,2.786,0.1819,-25.91,44.88,"HMR","None","Signal",0.002875,3.397,0.9225,0.06646,-0.5717,7.366,NA,NA
"1508","2022-09-10","2022-11-25","C",4,"Clover",17.53,41.68,0.7466,-512,547.1,"HMR","None","Signal",0.00241,2.251,2.066,0.3897,-6.637,11.14,NA,NA
"1512","2022-09-10","2022-11-25","D",4,"Clover",8.991,7.544,0.4444,-86.86,104.8,"HMR","None","Signal",0.004275,3.125,1.157,0.1141,-1.853,8.103,NA,NA
"1516","2022-09-10","2022-11-25","A",4,"Trit",0,NA,NA,NA,NA,"No flux","None","Signal",0.0007294,3.296,1.601,0.1758,-3.593,10.19,NA,NA
"1520","2022-09-10","2022-11-25","B",4,"Trit",14.57,23.17,0.6426,-279.9,309,"HMR","None","Signal",3.209e-06,3.906,2.39,0.2438,-6.379,14.19,NA,NA
"1524","2022-09-10","2022-11-25","C",4,"Trit",0,NA,NA,NA,NA,"No flux","None","Signal",0.02923,-0.03965,2.062,0.9864,-8.912,8.832,NA,NA
"1528","2022-09-27","2022-11-27","A",1,"3Spp",6.539,0.2756,0.02682,3.036,10.04,"HMR","None","Signal",0.01542,3.04,0.5418,0.03033,0.7087,5.371,NA,NA
"1532","2022-09-27","2022-11-27","B",1,"3Spp",5.613,0.2062,0.001346,4.726,6.5,"LR","None","Signal",2.594e-07,5.613,0.2062,0.001346,4.726,6.5,NA,NA
"1536","2022-09-27","2022-11-27","C",1,"3Spp",6.872,0.01829,0.001695,6.639,7.104,"HMR","None","Signal",0.004408,3.431,0.5534,0.02505,1.05,5.811,NA,NA
"1540","2022-09-27","2022-11-27","A",1,"Clover",3.097,0.685,0.0456,0.1498,6.044,"LR","None","Signal",0.01095,3.097,0.685,0.0456,0.1498,6.044,NA,NA
"1544","2022-09-27","2022-11-27","B",1,"Clover",0,NA,NA,NA,NA,"No flux","None","Noise",0.1321,2.301,0.05591,0.00059,2.06,2.542,NA,NA
"1548","2022-09-27","2022-11-27","C",1,"Clover",3.408,0.4078,0.01401,1.654,5.163,"LR","None","Signal",0.005451,3.408,0.4078,0.01401,1.654,5.163,NA,NA
"1552","2022-09-27","2022-11-27","D",1,"Clover",0,NA,NA,NA,NA,"No flux","None","Noise",0.1871,1.044,1.312,0.5097,-4.601,6.689,NA,NA
"1556","2022-09-27","2022-11-27","A",1,"Trit",12.96,17.22,0.5893,-205.8,231.7,"HMR","None","Signal",5.54e-06,4.127,2.072,0.1847,-4.79,13.04,NA,NA
"1560","2022-09-27","2022-11-27","B",1,"Trit",5.171,1.283,0.05637,-0.3476,10.69,"LR","None","Signal",5.779e-07,5.171,1.283,0.05637,-0.3476,10.69,NA,NA
"1564","2022-09-27","2022-11-27","C",1,"Trit",0,NA,NA,NA,NA,"No flux","None","Noise",0.1797,1.455,1.119,0.3232,-3.36,6.271,NA,NA
"1568","2022-09-27","2022-11-27","A",2,"3Spp",2.672,0.8491,0.08788,-0.9814,6.326,"LR","None","Signal",0.02816,2.672,0.8491,0.08788,-0.9814,6.326,NA,NA
"1572","2022-09-27","2022-11-27","B",2,"3Spp",3.446,0.8624,0.05732,-0.2653,7.156,"LR","None","Signal",0.002715,3.446,0.8624,0.05732,-0.2653,7.156,NA,NA
"1576","2022-09-27","2022-11-27","C",2,"3Spp",2.693,1.27,0.1681,-2.773,8.158,"LR","None","Signal",0.01123,2.693,1.27,0.1681,-2.773,8.158,NA,NA
"1580","2022-09-27","2022-11-27","A",2,"Clover",4.212,0.8415,0.03767,0.5916,7.833,"LR","None","Signal",0.0001482,4.212,0.8415,0.03767,0.5916,7.833,NA,NA
"1584","2022-09-27","2022-11-27","B",2,"Clover",5.225,0.5819,0.01218,2.722,7.729,"LR","None","Signal",1.655e-06,5.225,0.5819,0.01218,2.722,7.729,NA,NA
"1588","2022-09-27","2022-11-27","C",2,"Clover",3.435,0.7043,0.03956,0.4046,6.465,"LR","None","Signal",0.003598,3.435,0.7043,0.03956,0.4046,6.465,NA,NA
"1592","2022-09-27","2022-11-27","D",2,"Clover",4.852,0.1248,0.01637,3.266,6.437,"HMR","None","Signal",0.008045,3.317,0.2806,0.007081,2.109,4.524,NA,NA
"1596","2022-09-27","2022-11-27","A",2,"Trit",0,NA,NA,NA,NA,"No flux","None","Noise",0.1965,0.2467,1.477,0.8827,-6.108,6.602,NA,NA
"1600","2022-09-27","2022-11-27","B",2,"Trit",13.79,14.01,0.5048,-164.2,191.7,"HMR","None","Signal",0.03162,2.219,1.307,0.2315,-3.403,7.842,NA,NA
"1604","2022-09-27","2022-11-27","C",2,"Trit",0,NA,NA,NA,NA,"No flux","None","Noise",0.3966,1.097,0.8946,0.345,-2.753,4.946,NA,NA
"1608","2022-09-27","2022-11-28","A",3,"3Spp",NA,NA,NA,NA,NA,"None","Data error","None",NA,NA,NA,NA,NA,NA,0.0603521726298949,31.4618426098135
"1616","2022-09-27","2022-11-28","B",3,"3Spp",NA,NA,NA,NA,NA,"None","Data error","None",NA,NA,NA,NA,NA,NA,0.0343142073667354,33.7133161567485
"1624","2022-09-27","2022-11-28","C",3,"3Spp",NA,NA,NA,NA,NA,"None","Data error","None",NA,NA,NA,NA,NA,NA,0.12156446669134,22.3200005633932
"1632","2022-09-27","2022-11-28","A",3,"Clover",NA,NA,NA,NA,NA,"None","Data error","None",NA,NA,NA,NA,NA,NA,0.0216970558647924,34.8505387822761
"1640","2022-09-27","2022-11-28","B",3,"Clover",NA,NA,NA,NA,NA,"None","Data error","None",NA,NA,NA,NA,NA,NA,0.0165810210722184,33.3425386355271
"1648","2022-09-27","2022-11-28","C",3,"Clover",NA,NA,NA,NA,NA,"None","Data error","None",NA,NA,NA,NA,NA,NA,0.0945972319623349,4.1644631277161
"1656","2022-09-27","2022-11-28","D",3,"Clover",NA,NA,NA,NA,NA,"None","Data error","None",NA,NA,NA,NA,NA,NA,0.111968122607335,14.6771661368525
"1664","2022-09-27","2022-11-28","A",3,"Trit",NA,NA,NA,NA,NA,"None","Data error","None",NA,NA,NA,NA,NA,NA,0.119404216686858,22.7942776239065
"1672","2022-09-27","2022-11-28","B",3,"Trit",NA,NA,NA,NA,NA,"None","Data error","None",NA,NA,NA,NA,NA,NA,0.0452110768314328,32.7475993923851
"1680","2022-09-27","2022-11-28","C",3,"Trit",NA,NA,NA,NA,NA,"None","Data error","None",NA,NA,NA,NA,NA,NA,0.034641920876568,34.0399714498761
"1688","2022-09-27","2022-11-28","A",4,"3Spp",NA,NA,NA,NA,NA,"None","Data error","None",NA,NA,NA,NA,NA,NA,0.0148141286635176,39.1603094109072
"1696","2022-09-27","2022-11-28","B",4,"3Spp",NA,NA,NA,NA,NA,"None","Data error","None",NA,NA,NA,NA,NA,NA,0.0193056036668116,36.7869895543313
"1704","2022-09-27","2022-11-28","C",4,"3Spp",NA,NA,NA,NA,NA,"None","Data error","None",NA,NA,NA,NA,NA,NA,0.0165491660405338,37.5938605388846
"1712","2022-09-27","2022-11-28","A",4,"Clover",NA,NA,NA,NA,NA,"None","Data error","None",NA,NA,NA,NA,NA,NA,0.00296364019865781,41.1186881277101
"1720","2022-09-27","2022-11-28","B",4,"Clover",NA,NA,NA,NA,NA,"None","Data error","None",NA,NA,NA,NA,NA,NA,0.0325127318593131,33.7589464371771
"1728","2022-09-27","2022-11-28","C",4,"Clover",NA,NA,NA,NA,NA,"None","Data error","None",NA,NA,NA,NA,NA,NA,0.0323048335146785,-7.44043148836602
"1736","2022-09-27","2022-11-28","D",4,"Clover",NA,NA,NA,NA,NA,"None","Data error","None",NA,NA,NA,NA,NA,NA,0.121230717992171,12.4735903476035
"1744","2022-09-27","2022-11-28","A",4,"Trit",NA,NA,NA,NA,NA,"None","Data error","None",NA,NA,NA,NA,NA,NA,0.0515101669106628,31.0305000512115
"1752","2022-09-27","2022-11-28","B",4,"Trit",NA,NA,NA,NA,NA,"None","Data error","None",NA,NA,NA,NA,NA,NA,0.00132559059627962,43.7328842528472
"1760","2022-09-27","2022-11-28","C",4,"Trit",NA,NA,NA,NA,NA,"None","Data error","None",NA,NA,NA,NA,NA,NA,0.0146242671563141,37.52654165853
"1768","2022-10-05","2022-12-05","A",1,"3Spp",0,NA,NA,NA,NA,"No flux","None","Noise",0.09621,0.5181,1.691,0.7883,-6.758,7.794,NA,NA
"1772","2022-10-05","2022-12-05","B",1,"3Spp",2.39,0.9661,0.1318,-1.767,6.547,"LR","None","Signal",0.0455,2.39,0.9661,0.1318,-1.767,6.547,NA,NA
"1776","2022-10-05","2022-12-05","C",1,"3Spp",0,NA,NA,NA,NA,"No flux","None","Noise",0.4092,1.64,0.1406,0.007278,1.034,2.245,NA,NA
"1780","2022-10-05","2022-12-05","A",1,"Clover",0,NA,NA,NA,NA,"No flux","None","Noise",0.5339,1.071,0.6789,0.2555,-1.85,3.992,NA,NA
"1784","2022-10-05","2022-12-05","B",1,"Clover",0,NA,NA,NA,NA,"No flux","None","Noise",0.3655,1.338,0.7772,0.2273,-2.006,4.682,NA,NA
"1788","2022-10-05","2022-12-05","C",1,"Clover",0,NA,NA,NA,NA,"No flux","None","Noise",0.09355,2.424,0.2938,0.01437,1.16,3.688,NA,NA
"1792","2022-10-05","2022-12-05","D",1,"Clover",0,NA,NA,NA,NA,"No flux","None","Noise",0.7298,0.8957,0.4597,0.1907,-1.082,2.874,NA,NA
"1796","2022-10-05","2022-12-05","A",1,"Trit",0,NA,NA,NA,NA,"No flux","None","Signal",0,-5.158,5.147,0.4219,-27.31,16.99,NA,NA
"1800","2022-10-05","2022-12-05","B",1,"Trit",0,NA,NA,NA,NA,"No flux","None","Noise",0.3806,0.7415,1.084,0.5647,-3.925,5.408,NA,NA
"1804","2022-10-05","2022-12-05","C",1,"Trit",0,NA,NA,NA,NA,"No flux","None","Signal",0.01805,-2.547,1.228,0.1738,-7.831,2.737,NA,NA
"1808","2022-10-05","2022-12-05","A",2,"3Spp",0,NA,NA,NA,NA,"No flux","None","Noise",0.06154,1.543,1.51,0.4145,-4.955,8.041,NA,NA
"1812","2022-10-05","2022-12-05","B",2,"3Spp",4.754,0.1389,0.0186,2.989,6.519,"HMR","None","Signal",0.03662,2.794,0.3366,0.0142,1.346,4.243,NA,NA
"1816","2022-10-05","2022-12-05","C",2,"3Spp",6.9,3.449,0.2951,-36.93,50.73,"HMR","None","Signal",0.00161,3.651,0.7347,0.03819,0.4899,6.812,NA,NA
"1820","2022-10-05","2022-12-05","A",2,"Clover",2.899,0.262,0.008072,1.771,4.026,"LR","None","Signal",0.02874,2.899,0.262,0.008072,1.771,4.026,NA,NA
"1824","2022-10-05","2022-12-05","B",2,"Clover",3.412,0.9664,0.07169,-0.7459,7.57,"LR","None","Signal",0.002517,3.412,0.9664,0.07169,-0.7459,7.57,NA,NA
"1828","2022-10-05","2022-12-05","C",2,"Clover",4.232,3.023,0.3948,-34.17,42.64,"HMR","None","Signal",0.004492,3.426,0.55,0.02482,1.059,5.793,NA,NA
"1832","2022-10-05","2022-12-05","D",2,"Clover",0,NA,NA,NA,NA,"No flux","None","Noise",0.3587,1.698,0.2814,0.02636,0.4878,2.909,NA,NA
"1836","2022-10-05","2022-12-05","A",2,"Trit",0,NA,NA,NA,NA,"No flux","None","Noise",0.4668,1.528,0.1874,0.01471,0.7219,2.335,NA,NA
"1840","2022-10-05","2022-12-05","B",2,"Trit",6.516,0.9243,0.08971,-5.228,18.26,"HMR","None","Signal",0.002941,3.564,0.4972,0.01891,1.425,5.703,NA,NA
"1844","2022-10-05","2022-12-05","C",2,"Trit",2.978,0.5938,0.03754,0.4227,5.533,"LR","None","Signal",0.01746,2.978,0.5938,0.03754,0.4227,5.533,NA,NA
"1848","2022-10-05","2022-12-06","A",3,"3Spp",0,NA,NA,NA,NA,"No flux","None","Noise",0.113,2.369,0.1135,0.002285,1.881,2.858,NA,NA
"1852","2022-10-05","2022-12-06","B",3,"3Spp",0,NA,NA,NA,NA,"No flux","None","Noise",0.4558,0.9105,0.9043,0.42,-2.98,4.801,NA,NA
"1856","2022-10-05","2022-12-06","C",3,"3Spp",0,NA,NA,NA,NA,"No flux","None","Noise",0.3026,-0.6858,1.219,0.6303,-5.93,4.558,NA,NA
"1860","2022-10-05","2022-12-06","A",3,"Clover",0,NA,NA,NA,NA,"No flux","None","Noise",0.06884,2.572,0.2135,0.00682,1.653,3.49,NA,NA
"1864","2022-10-05","2022-12-06","B",3,"Clover",0,NA,NA,NA,NA,"No flux","None","Noise",0.5487,1.264,0.4473,0.1057,-0.6605,3.189,NA,NA
"1868","2022-10-05","2022-12-06","C",3,"Clover",0,NA,NA,NA,NA,"No flux","None","Noise",0.1233,2.295,0.3039,0.01709,0.9874,3.602,NA,NA
"1872","2022-10-05","2022-12-06","D",3,"Clover",0,NA,NA,NA,NA,"No flux","None","Noise",0.3002,1.82,0.2718,0.02159,0.6504,2.989,NA,NA
"1876","2022-10-05","2022-12-06","A",3,"Trit",0,NA,NA,NA,NA,"No flux","None","Noise",0.3388,1.475,0.7074,0.1723,-1.568,4.519,NA,NA
"1880","2022-10-05","2022-12-06","B",3,"Trit",2.632,0.7664,0.07534,-0.6657,5.93,"LR","None","Signal",0.03546,2.632,0.7664,0.07534,-0.6657,5.93,NA,NA
"1884","2022-10-05","2022-12-06","C",3,"Trit",0,NA,NA,NA,NA,"No flux","None","Noise",0.2836,1.36,0.933,0.2822,-2.654,5.374,NA,NA
"1888","2022-10-05","2022-12-06","A",4,"3Spp",0,NA,NA,NA,NA,"No flux","None","Noise",0.1273,2.317,0.08433,0.001322,1.954,2.679,NA,NA
"1892","2022-10-05","2022-12-06","B",4,"3Spp",0,NA,NA,NA,NA,"No flux","None","Noise",0.3594,1.721,0.1963,0.01277,0.8761,2.565,NA,NA
"1896","2022-10-05","2022-12-06","C",4,"3Spp",0,NA,NA,NA,NA,"No flux","None","Noise",0.2741,0.7123,1.257,0.6282,-4.698,6.123,NA,NA
"1900","2022-10-05","2022-12-06","A",4,"Clover",0,NA,NA,NA,NA,"No flux","None","Noise",0.1039,2.39,0.233,0.009369,1.388,3.393,NA,NA
"1904","2022-10-05","2022-12-06","B",4,"Clover",0,NA,NA,NA,NA,"No flux","None","Signal",0.0003703,-1.762,2.668,0.577,-13.24,9.719,NA,NA
"1908","2022-10-05","2022-12-06","C",4,"Clover",0,NA,NA,NA,NA,"No flux","None","Noise",0.06666,2.315,0.8408,0.1105,-1.303,5.932,NA,NA
"1912","2022-10-05","2022-12-06","D",4,"Clover",0,NA,NA,NA,NA,"No flux","None","Noise",0.0667,2.39,0.7276,0.08151,-0.7407,5.521,NA,NA
"1916","2022-10-05","2022-12-06","A",4,"Trit",0,NA,NA,NA,NA,"No flux","None","Noise",0.06759,2.562,0.3011,0.01354,1.266,3.857,NA,NA
"1920","2022-10-05","2022-12-06","B",4,"Trit",11.24,12.2,0.5261,-143.8,166.2,"HMR","None","Signal",0.01831,2.713,1.028,0.1185,-1.708,7.135,NA,NA
"1924","2022-10-05","2022-12-06","C",4,"Trit",3.201,0.3189,0.009784,1.828,4.573,"LR","None","Signal",0.01139,3.201,0.3189,0.009784,1.828,4.573,NA,NA
