Series;f0;f0.se;f0.p;f0.lo95;f0.up95;Method;Warning;Prefilter;Prefilter.p;SatCrit.Warning;LR.f0;LR.f0.se;LR.f0.p;LR.f0.lo95;LR.f0.up95;LR.Warning
20220609_3_3Spp_A;2.688e+00;8.741e-01;9.148e-02;-1.073e+00;6.448e+00;LR;None;Signal;2.596e-02;NA;2.688e+00;8.741e-01;9.148e-02;-1.073e+00;6.448e+00;None
20220609_3_3Spp_B;1.209e+01;2.045e-01;1.076e-02;9.493e+00;1.469e+01;HMR;None;Signal;2.717e-13;NA;7.541e+00;8.016e-01;1.111e-02;4.092e+00;1.099e+01;None
20220609_3_3Spp_C;7.176e+00;4.076e-01;3.613e-02;1.996e+00;1.236e+01;HMR;None;Signal;6.118e-09;NA;6.226e+00;2.060e-01;1.093e-03;5.340e+00;7.113e+00;None
20220609_3_Clover_A;2.067e+01;1.505e+01;4.007e-01;-1.706e+02;2.119e+02;HMR;None;Signal;0.000e+00;NA;1.468e+01;2.615e+00;3.030e-02;3.427e+00;2.593e+01;None
20220609_3_Clover_B;1.064e+01;1.650e+00;9.798e-02;-1.033e+01;3.160e+01;HMR;None;Signal;1.111e-04;NA;4.225e+00;9.697e-01;4.886e-02;5.217e-02;8.397e+00;None
20220609_3_Clover_C;3.656e+01;2.308e+01;3.585e-01;-2.567e+02;3.298e+02;HMR;None;Signal;0.000e+00;NA;1.231e+01;4.174e+00;9.829e-02;-5.647e+00;3.027e+01;None
20220609_3_Clover_D;0.000e+00;NA;NA;NA;NA;No flux;None;Noise;3.446e-01;NA;1.460e+00;7.093e-01;1.758e-01;-1.592e+00;4.512e+00;None
20220609_3_Trit_A;0.000e+00;NA;NA;NA;NA;No flux;None;Noise;4.414e-01;NA;1.548e+00;2.714e-01;2.940e-02;3.801e-01;2.716e+00;None
20220609_3_Trit_B;0.000e+00;NA;NA;NA;NA;No flux;None;Noise;7.160e-01;NA;1.076e+00;2.467e-01;4.872e-02;1.494e-02;2.138e+00;None
20220609_3_Trit_C;0.000e+00;NA;NA;NA;NA;No flux;None;Noise;2.229e-01;NA;1.890e+00;5.327e-01;7.107e-02;-4.020e-01;4.182e+00;None
20220609_4_3Spp_A;0.000e+00;NA;NA;NA;NA;No flux;None;Noise;5.820e-01;NA;1.048e+00;6.113e-01;2.286e-01;-1.582e+00;3.678e+00;None
20220609_4_3Spp_B;7.875e+00;3.717e+00;2.808e-01;-3.935e+01;5.510e+01;HMR;None;Signal;4.408e-03;NA;3.360e+00;7.392e-01;4.515e-02;1.794e-01;6.540e+00;None
20220609_4_3Spp_C;1.114e+01;4.244e+00;1.197e-01;-7.121e+00;2.940e+01;LR;None;Signal;0.000e+00;NA;1.114e+01;4.244e+00;1.197e-01;-7.121e+00;2.940e+01;None
20220609_4_Clover_A;1.342e+01;4.782e+00;2.180e-01;-4.735e+01;7.418e+01;HMR;None;Signal;8.882e-15;NA;7.858e+00;1.215e+00;2.310e-02;2.628e+00;1.309e+01;None
20220609_4_Clover_B;7.421e+00;7.014e-01;5.999e-02;-1.491e+00;1.633e+01;HMR;None;Signal;2.674e-04;NA;4.170e+00;5.494e-01;1.692e-02;1.806e+00;6.533e+00;None
20220609_4_Clover_C;0.000e+00;NA;NA;NA;NA;No flux;None;Noise;9.501e-01;NA;3.870e-01;3.016e-01;3.280e-01;-9.106e-01;1.685e+00;None
20220609_4_Clover_D;0.000e+00;NA;NA;NA;NA;No flux;None;Noise;8.796e-01;NA;4.192e-01;4.793e-01;4.740e-01;-1.643e+00;2.482e+00;None
20220609_4_Trit_A;0.000e+00;NA;NA;NA;NA;No flux;None;Noise;4.120e-01;NA;1.504e+00;4.739e-01;8.657e-02;-5.349e-01;3.543e+00;None
20220609_4_Trit_B;1.881e+01;3.407e+00;1.141e-01;-2.448e+01;6.211e+01;HMR;None;Signal;2.220e-16;NA;8.156e+00;1.702e+00;4.090e-02;8.321e-01;1.548e+01;None
20220609_4_Trit_C;1.593e+01;5.225e+00;2.018e-01;-5.046e+01;8.232e+01;HMR;None;Signal;0.000e+00;NA;1.260e+01;1.130e+00;7.946e-03;7.740e+00;1.747e+01;None
20220615_2_3Spp_A;7.634e+00;3.022e-02;2.520e-03;7.250e+00;8.018e+00;HMR;None;Signal;8.421e-03;NA;3.193e+00;6.594e-01;4.009e-02;3.561e-01;6.030e+00;None
20220615_2_3Spp_B;7.557e+00;3.711e+00;1.787e-01;-8.412e+00;2.353e+01;LR;None;Signal;0.000e+00;NA;7.557e+00;3.711e+00;1.787e-01;-8.412e+00;2.353e+01;None
20220615_2_3Spp_C;1.556e+01;1.999e+00;8.136e-02;-9.844e+00;4.096e+01;HMR;None;Signal;3.869e-09;NA;6.009e+00;1.347e+00;4.675e-02;2.137e-01;1.180e+01;None
20220615_2_Clover_A;7.054e+00;1.228e+00;1.097e-01;-8.547e+00;2.265e+01;HMR;None;Signal;1.616e-08;NA;6.066e+00;2.958e-01;2.370e-03;4.793e+00;7.339e+00;None
20220615_2_Clover_B;1.473e+01;7.315e+00;2.935e-01;-7.822e+01;1.077e+02;HMR;None;Signal;2.220e-16;NA;8.255e+00;1.410e+00;2.796e-02;2.188e+00;1.432e+01;None
20220615_2_Clover_C;4.339e+01;5.673e+00;8.276e-02;-2.869e+01;1.155e+02;HMR;None;Signal;0.000e+00;NA;2.135e+01;3.511e+00;2.599e-02;6.244e+00;3.645e+01;None
20220615_2_Clover_D;8.510e+00;1.171e+00;8.706e-02;-6.371e+00;2.339e+01;HMR;None;Signal;1.158e-05;NA;4.828e+00;6.593e-01;1.814e-02;1.991e+00;7.664e+00;None
20220615_2_Trit_A;0.000e+00;NA;NA;NA;NA;No flux;None;Noise;3.924e-01;NA;1.682e+00;1.955e-02;1.351e-04;1.597e+00;1.766e+00;None
20220615_2_Trit_B;1.078e+01;1.239e+01;5.440e-01;-1.466e+02;1.682e+02;HMR;None;Signal;2.666e-04;NA;3.581e+00;1.608e+00;1.558e-01;-3.338e+00;1.050e+01;None
20220615_2_Trit_C;7.589e+00;1.115e+00;2.092e-02;2.790e+00;1.239e+01;LR;None;Signal;9.892e-14;NA;7.589e+00;1.115e+00;2.092e-02;2.790e+00;1.239e+01;None
20220615_3_3Spp_A;0.000e+00;NA;NA;NA;NA;No flux;None;Signal;1.047e-03;NA;1.119e+00;2.647e+00;7.136e-01;-1.027e+01;1.251e+01;None
20220615_3_3Spp_B;1.175e+01;1.213e+00;6.552e-02;-3.668e+00;2.716e+01;HMR;None;Signal;1.186e-04;NA;4.163e+00;1.065e+00;5.963e-02;-4.184e-01;8.744e+00;None
20220615_3_3Spp_C;2.617e+00;1.129e+00;1.464e-01;-2.243e+00;7.477e+00;LR;None;Signal;1.896e-02;NA;2.617e+00;1.129e+00;1.464e-01;-2.243e+00;7.477e+00;None
20220615_3_Clover_A;2.032e+01;2.504e+00;7.805e-02;-1.149e+01;5.213e+01;HMR;None;Signal;0.000e+00;NA;1.147e+01;1.508e+00;1.686e-02;4.979e+00;1.795e+01;None
20220615_3_Clover_B;9.896e+00;5.347e-01;3.437e-02;3.102e+00;1.669e+01;HMR;None;Signal;2.510e-11;NA;6.991e+00;5.412e-01;5.939e-03;4.662e+00;9.319e+00;None
20220615_3_Clover_C;7.000e+00;1.422e+00;3.887e-02;8.821e-01;1.312e+01;LR;None;Signal;3.896e-12;NA;7.000e+00;1.422e+00;3.887e-02;8.821e-01;1.312e+01;None
20220615_3_Clover_D;1.370e+01;4.042e+00;1.826e-01;-3.765e+01;6.506e+01;HMR;None;Signal;1.497e-11;NA;6.911e+00;1.157e+00;2.691e-02;1.932e+00;1.189e+01;None
20220615_3_Trit_A;0.000e+00;NA;NA;NA;NA;No flux;None;Noise;5.262e-01;NA;9.998e-01;7.436e-01;3.110e-01;-2.200e+00;4.199e+00;None
20220615_3_Trit_B;1.708e+01;1.727e+01;5.035e-01;-2.024e+02;2.366e+02;HMR;None;Signal;2.696e-06;NA;4.265e+00;2.102e+00;1.796e-01;-4.778e+00;1.331e+01;None
20220615_3_Trit_C;5.428e+00;1.650e+00;1.879e-01;-1.554e+01;2.639e+01;HMR;None;Signal;4.732e-04;NA;4.069e+00;3.859e-01;8.875e-03;2.409e+00;5.730e+00;None
20220615_4_3Spp_A;NA;NA;NA;NA;NA;None;Data error;None;NA;NA;NA;NA;NA;NA;NA;Data error
20220615_4_3Spp_B;NA;NA;NA;NA;NA;None;Data error;None;NA;NA;NA;NA;NA;NA;NA;Data error
20220615_4_3Spp_C;NA;NA;NA;NA;NA;None;Data error;None;NA;NA;NA;NA;NA;NA;NA;Data error
20220615_4_Clover_A;NA;NA;NA;NA;NA;None;Data error;None;NA;NA;NA;NA;NA;NA;NA;Data error
20220615_4_Clover_B;NA;NA;NA;NA;NA;None;Data error;None;NA;NA;NA;NA;NA;NA;NA;Data error
20220615_4_Clover_C;NA;NA;NA;NA;NA;None;Data error;None;NA;NA;NA;NA;NA;NA;NA;Data error
20220615_4_Clover_D;NA;NA;NA;NA;NA;None;Data error;None;NA;NA;NA;NA;NA;NA;NA;Data error
20220615_4_Trit_A;NA;NA;NA;NA;NA;None;Data error;None;NA;NA;NA;NA;NA;NA;NA;Data error
20220615_4_Trit_B;NA;NA;NA;NA;NA;None;Data error;None;NA;NA;NA;NA;NA;NA;NA;Data error
20220615_4_Trit_C;NA;NA;NA;NA;NA;None;Data error;None;NA;NA;NA;NA;NA;NA;NA;Data error
20220623_1_3Spp_A;8.249e+00;1.085e+00;8.323e-02;-5.533e+00;2.203e+01;HMR;None;Signal;1.274e-10;NA;6.789e+00;3.412e-01;2.516e-03;5.321e+00;8.257e+00;None
20220623_1_3Spp_B;1.822e+01;5.358e+00;1.821e-01;-4.986e+01;8.629e+01;HMR;None;Signal;0.000e+00;NA;1.513e+01;1.122e+00;5.448e-03;1.031e+01;1.996e+01;None
20220623_1_3Spp_C;1.144e+01;8.861e-01;4.920e-02;1.837e-01;2.270e+01;HMR;None;Signal;1.402e-12;NA;7.339e+00;7.535e-01;1.038e-02;4.097e+00;1.058e+01;None
20220623_1_Clover_A;0.000e+00;NA;NA;NA;NA;No flux;None;Noise;2.507e-01;NA;1.443e+00;9.461e-01;2.666e-01;-2.627e+00;5.514e+00;None
20220623_1_Clover_B;0.000e+00;NA;NA;NA;NA;No flux;None;Signal;2.835e-03;NA;-3.568e-01;2.564e+00;9.021e-01;-1.139e+01;1.067e+01;None
20220623_1_Clover_C;6.694e+00;4.006e+00;2.367e-01;-1.054e+01;2.393e+01;LR;None;Signal;0.000e+00;NA;6.694e+00;4.006e+00;2.367e-01;-1.054e+01;2.393e+01;None
20220623_1_Clover_D;0.000e+00;NA;NA;NA;NA;No flux;None;Noise;9.064e-01;NA;6.515e-01;2.247e-01;1.012e-01;-3.151e-01;1.618e+00;None
20220623_1_Trit_A;0.000e+00;NA;NA;NA;NA;No flux;None;Noise;3.791e-01;NA;1.632e+00;3.522e-01;4.356e-02;1.165e-01;3.147e+00;None
20220623_1_Trit_B;7.248e+00;5.935e-01;5.202e-02;-2.935e-01;1.479e+01;HMR;None;Signal;3.037e-06;NA;5.144e+00;4.074e-01;6.212e-03;3.392e+00;6.897e+00;None
20220623_1_Trit_C;7.176e+00;2.628e+00;1.120e-01;-4.131e+00;1.848e+01;LR;None;Signal;6.550e-15;NA;7.176e+00;2.628e+00;1.120e-01;-4.131e+00;1.848e+01;None
20220623_2_3Spp_A;2.276e+01;8.030e+00;2.159e-01;-7.926e+01;1.248e+02;HMR;None;Signal;0.000e+00;NA;1.225e+01;2.131e+00;2.898e-02;3.076e+00;2.142e+01;None
20220623_2_3Spp_B;1.030e+01;1.497e+00;9.187e-02;-8.721e+00;2.933e+01;HMR;None;Signal;8.451e-08;NA;5.705e+00;7.803e-01;1.820e-02;2.348e+00;9.063e+00;None
20220623_2_3Spp_C;1.076e+01;6.498e-01;3.839e-02;2.507e+00;1.902e+01;HMR;None;Signal;2.109e-15;NA;8.182e+00;5.090e-01;3.848e-03;5.992e+00;1.037e+01;None
20220623_2_Clover_A;1.036e+01;3.202e+00;8.370e-02;-3.416e+00;2.413e+01;LR;None;Signal;0.000e+00;NA;1.036e+01;3.202e+00;8.370e-02;-3.416e+00;2.413e+01;None
20220623_2_Clover_B;1.828e+01;4.774e-01;1.662e-02;1.222e+01;2.435e+01;HMR;None;Signal;0.000e+00;NA;1.217e+01;1.114e+00;8.273e-03;7.380e+00;1.697e+01;None
20220623_2_Clover_C;4.985e+00;1.575e+00;8.701e-02;-1.793e+00;1.176e+01;LR;None;Signal;6.447e-07;NA;4.985e+00;1.575e+00;8.701e-02;-1.793e+00;1.176e+01;None
20220623_2_Clover_D;1.375e+01;7.105e-01;3.287e-02;4.722e+00;2.278e+01;HMR;None;Signal;6.251e-03;NA;3.011e+00;1.142e+00;1.187e-01;-1.902e+00;7.923e+00;None
20220623_2_Trit_A;1.228e+01;4.272e-01;2.214e-02;6.850e+00;1.771e+01;HMR;None;Signal;0.000e+00;NA;1.024e+01;4.126e-01;1.621e-03;8.461e+00;1.201e+01;None
20220623_2_Trit_B;2.106e+01;1.168e+01;2.132e-01;-2.920e+01;7.131e+01;LR;None;Signal;0.000e+00;NA;2.106e+01;1.168e+01;2.132e-01;-2.920e+01;7.131e+01;None
20220623_2_Trit_C;1.145e+01;9.952e+00;3.690e-01;-3.137e+01;5.427e+01;LR;None;Signal;0.000e+00;NA;1.145e+01;9.952e+00;3.690e-01;-3.137e+01;5.427e+01;None
20220623_3_3Spp_A;1.290e+01;1.911e-01;9.428e-03;1.048e+01;1.533e+01;HMR;None;Signal;0.000e+00;NA;9.157e+00;6.954e-01;5.718e-03;6.165e+00;1.215e+01;None
20220623_3_3Spp_B;8.001e+00;1.355e+00;2.751e-02;2.170e+00;1.383e+01;LR;None;Signal;1.887e-15;NA;8.001e+00;1.355e+00;2.751e-02;2.170e+00;1.383e+01;None
20220623_3_3Spp_C;9.578e+00;2.251e+00;5.103e-02;-1.063e-01;1.926e+01;LR;None;Signal;0.000e+00;NA;9.578e+00;2.251e+00;5.103e-02;-1.063e-01;1.926e+01;None
20220623_3_Clover_A;2.268e+01;3.892e-01;1.092e-02;1.773e+01;2.762e+01;HMR;None;Signal;0.000e+00;NA;1.704e+01;1.070e+00;3.920e-03;1.244e+01;2.164e+01;None
20220623_3_Clover_B;6.755e+00;2.571e+00;1.194e-01;-4.306e+00;1.782e+01;LR;None;Signal;1.883e-13;NA;6.755e+00;2.571e+00;1.194e-01;-4.306e+00;1.782e+01;None
20220623_3_Clover_C;8.940e+00;3.983e+00;1.539e-01;-8.195e+00;2.608e+01;LR;None;Signal;0.000e+00;NA;8.940e+00;3.983e+00;1.539e-01;-8.195e+00;2.608e+01;None
20220623_3_Clover_D;1.976e+01;3.567e+00;1.137e-01;-2.557e+01;6.508e+01;HMR;None;Signal;0.000e+00;NA;9.800e+00;1.704e+00;2.893e-02;2.468e+00;1.713e+01;None
20220623_3_Trit_A;0.000e+00;NA;NA;NA;NA;No flux;None;Signal;7.085e-05;NA;-2.226e+00;2.798e+00;5.098e-01;-1.427e+01;9.815e+00;None
20220623_3_Trit_B;1.526e+01;1.184e+01;4.201e-01;-1.352e+02;1.657e+02;HMR;None;Signal;5.524e-10;NA;6.158e+00;1.670e+00;6.635e-02;-1.029e+00;1.334e+01;None
20220623_3_Trit_C;9.727e+00;3.793e+00;1.243e-01;-6.594e+00;2.605e+01;LR;None;Signal;0.000e+00;NA;9.727e+00;3.793e+00;1.243e-01;-6.594e+00;2.605e+01;None
20220623_4_3Spp_A;1.708e+01;2.316e+00;8.582e-02;-1.235e+01;4.651e+01;HMR;None;Signal;0.000e+00;NA;1.033e+01;1.197e+00;1.317e-02;5.179e+00;1.548e+01;None
20220623_4_3Spp_B;1.038e+01;4.160e+00;1.301e-01;-7.524e+00;2.828e+01;LR;None;Signal;0.000e+00;NA;1.038e+01;4.160e+00;1.301e-01;-7.524e+00;2.828e+01;None
20220623_4_3Spp_C;3.278e+01;1.126e+02;8.197e-01;-1.398e+03;1.463e+03;HMR;None;Signal;4.938e-10;NA;3.429e+00;3.997e+00;4.814e-01;-1.377e+01;2.063e+01;None
20220623_4_Clover_A;9.430e+00;2.405e-01;1.623e-02;6.374e+00;1.249e+01;HMR;None;Signal;1.983e-11;NA;7.035e+00;4.573e-01;4.199e-03;5.067e+00;9.002e+00;None
20220623_4_Clover_B;7.239e+00;1.553e+00;4.310e-02;5.546e-01;1.392e+01;LR;None;Signal;4.400e-13;NA;7.239e+00;1.553e+00;4.310e-02;5.546e-01;1.392e+01;None
20220623_4_Clover_C;9.021e+00;1.829e-01;4.109e-04;8.234e+00;9.808e+00;LR;None;Signal;0.000e+00;NA;9.021e+00;1.829e-01;4.109e-04;8.234e+00;9.808e+00;None
20220623_4_Clover_D;1.112e+01;2.956e+00;1.654e-01;-2.644e+01;4.868e+01;HMR;None;Signal;0.000e+00;NA;1.012e+01;6.005e-01;3.503e-03;7.537e+00;1.270e+01;None
20220623_4_Trit_A;1.442e+01;4.105e+00;1.766e-01;-3.774e+01;6.657e+01;HMR;None;Signal;0.000e+00;NA;1.189e+01;8.722e-01;5.336e-03;8.140e+00;1.565e+01;None
20220623_4_Trit_B;2.320e+01;4.516e-01;1.239e-02;1.746e+01;2.894e+01;HMR;None;Signal;0.000e+00;NA;1.080e+01;1.926e+00;3.035e-02;2.516e+00;1.909e+01;None
20220623_4_Trit_C;2.230e+01;1.759e+01;4.251e-01;-2.012e+02;2.458e+02;HMR;None;Signal;1.332e-15;NA;7.295e+00;2.744e+00;1.172e-01;-4.513e+00;1.910e+01;None
20220629_1_3Spp_A;1.134e+01;2.901e-01;1.629e-02;7.651e+00;1.502e+01;HMR;None;Signal;1.460e-07;NA;5.567e+00;9.254e-01;2.654e-02;1.585e+00;9.549e+00;None
20220629_1_3Spp_B;1.144e+01;4.471e-01;2.486e-02;5.762e+00;1.712e+01;HMR;None;Signal;2.776e-15;NA;8.134e+00;6.233e-01;5.820e-03;5.452e+00;1.082e+01;None
20220629_1_3Spp_C;1.053e+01;4.439e-01;2.683e-02;4.885e+00;1.617e+01;HMR;None;Signal;2.576e-14;NA;7.884e+00;5.100e-01;4.158e-03;5.689e+00;1.008e+01;None
20220629_1_Clover_A;1.784e+01;9.175e+00;3.023e-01;-9.873e+01;1.344e+02;HMR;None;Signal;3.792e-02;NA;2.229e+00;1.224e+00;2.101e-01;-3.036e+00;7.493e+00;None
20220629_1_Clover_B;8.139e+00;7.421e-01;5.789e-02;-1.291e+00;1.757e+01;HMR;None;Signal;8.736e-09;NA;6.153e+00;3.932e-01;4.059e-03;4.461e+00;7.844e+00;None
20220629_1_Clover_C;7.404e+00;3.815e+00;3.029e-01;-4.108e+01;5.588e+01;HMR;None;Signal;1.346e-08;NA;6.025e+00;7.182e-01;1.392e-02;2.934e+00;9.115e+00;None
20220629_1_Clover_D;0.000e+00;NA;NA;NA;NA;No flux;None;Noise;4.203e-01;NA;5.480e-01;1.087e+00;6.642e-01;-4.129e+00;5.225e+00;None
20220629_1_Trit_A;4.242e+01;5.445e+01;5.787e-01;-6.495e+02;7.343e+02;HMR;None;Signal;0.000e+00;NA;1.379e+01;6.703e+00;1.759e-01;-1.505e+01;4.263e+01;None
20220629_1_Trit_B;6.669e+00;1.802e+00;6.585e-02;-1.083e+00;1.442e+01;LR;None;Signal;1.143e-11;NA;6.669e+00;1.802e+00;6.585e-02;-1.083e+00;1.442e+01;None
20220629_1_Trit_C;1.368e+01;5.550e+00;2.453e-01;-5.683e+01;8.420e+01;HMR;None;Signal;8.895e-11;NA;6.574e+00;1.377e+00;4.120e-02;6.483e-01;1.250e+01;None
20220629_2_3Spp_A;1.127e+01;3.938e+00;2.141e-01;-3.877e+01;6.131e+01;HMR;None;Signal;5.308e-04;NA;3.758e+00;1.119e+00;7.839e-02;-1.057e+00;8.573e+00;None
20220629_2_3Spp_B;3.607e+00;1.175e+00;9.169e-02;-1.447e+00;8.661e+00;LR;None;Signal;8.163e-04;NA;3.607e+00;1.175e+00;9.169e-02;-1.447e+00;8.661e+00;None
20220629_2_3Spp_C;8.221e+00;2.968e+00;2.206e-01;-2.949e+01;4.593e+01;HMR;None;Signal;5.914e-05;NA;4.447e+00;7.735e-01;2.895e-02;1.119e+00;7.775e+00;None
20220629_2_Clover_A;9.073e+00;9.432e-01;6.595e-02;-2.912e+00;2.106e+01;HMR;None;Signal;5.131e-04;NA;3.939e+00;7.677e-01;3.595e-02;6.356e-01;7.242e+00;None
20220629_2_Clover_B;6.241e+00;1.920e+00;8.302e-02;-2.020e+00;1.450e+01;LR;None;Signal;1.272e-10;NA;6.241e+00;1.920e+00;8.302e-02;-2.020e+00;1.450e+01;None
20220629_2_Clover_C;5.356e+00;1.947e+00;1.106e-01;-3.020e+00;1.373e+01;LR;None;Signal;2.329e-08;NA;5.356e+00;1.947e+00;1.106e-01;-3.020e+00;1.373e+01;None
20220629_2_Clover_D;4.457e+00;2.776e-01;3.960e-02;9.300e-01;7.984e+00;HMR;None;Signal;4.121e-04;NA;4.137e+00;8.520e-02;4.238e-04;3.771e+00;4.504e+00;None
20220629_2_Trit_A;9.066e+00;1.286e+00;8.972e-02;-7.277e+00;2.541e+01;HMR;None;Signal;5.917e-05;NA;4.448e+00;7.710e-01;2.876e-02;1.130e+00;7.765e+00;None
20220629_2_Trit_B;8.847e+00;5.001e-01;3.595e-02;2.493e+00;1.520e+01;HMR;None;Signal;1.295e-07;NA;5.681e+00;5.755e-01;1.011e-02;3.205e+00;8.157e+00;None
20220629_2_Trit_C;9.595e+00;3.011e+00;1.936e-01;-2.866e+01;4.785e+01;HMR;None;Signal;1.405e-03;NA;3.593e+00;9.413e-01;6.229e-02;-4.569e-01;7.643e+00;None
20220629_3_3Spp_A;7.979e+00;1.780e-01;1.420e-02;5.717e+00;1.024e+01;HMR;None;Signal;1.405e-07;NA;5.693e+00;4.281e-01;5.605e-03;3.852e+00;7.535e+00;None
20220629_3_3Spp_B;5.273e+00;6.593e-01;1.527e-02;2.437e+00;8.110e+00;LR;None;Signal;1.157e-06;NA;5.273e+00;6.593e-01;1.527e-02;2.437e+00;8.110e+00;None
20220629_3_3Spp_C;6.293e+00;6.236e-01;6.288e-02;-1.631e+00;1.422e+01;HMR;None;Signal;2.952e-03;NA;3.568e+00;4.778e-01;1.746e-02;1.513e+00;5.624e+00;None
20220629_3_Clover_A;1.031e+01;1.481e+00;9.080e-02;-8.505e+00;2.913e+01;HMR;None;Signal;4.030e-14;NA;7.827e+00;5.266e-01;4.496e-03;5.561e+00;1.009e+01;None
20220629_3_Clover_B;4.680e+00;1.634e+00;1.034e-01;-2.353e+00;1.171e+01;LR;None;Signal;2.418e-06;NA;4.680e+00;1.634e+00;1.034e-01;-2.353e+00;1.171e+01;None
20220629_3_Clover_C;6.724e+00;4.631e-01;4.377e-02;8.405e-01;1.261e+01;HMR;None;Signal;3.649e-04;NA;4.115e+00;4.670e-01;1.264e-02;2.106e+00;6.125e+00;None
20220629_3_Clover_D;0.000e+00;NA;NA;NA;NA;No flux;None;Noise;1.442e-01;NA;1.435e+00;1.235e+00;3.650e-01;-3.877e+00;6.747e+00;None
20220629_3_Trit_A;NA;NA;NA;NA;NA;None;Data error;None;NA;NA;NA;NA;NA;NA;NA;Data error
20220629_3_Trit_B;NA;NA;NA;NA;NA;None;Data error;None;NA;NA;NA;NA;NA;NA;NA;Data error
20220629_3_Trit_C;5.345e+00;2.869e-01;3.414e-02;1.700e+00;8.990e+00;HMR;None;Signal;3.894e-04;NA;4.139e+00;2.349e-01;3.206e-03;3.128e+00;5.150e+00;None
20220629_4_3Spp_A;1.050e+01;2.122e+00;1.269e-01;-1.646e+01;3.747e+01;HMR;None;Signal;8.041e-10;NA;6.442e+00;7.976e-01;1.498e-02;3.010e+00;9.874e+00;None
20220629_4_3Spp_B;1.213e+01;1.122e+00;5.872e-02;-2.127e+00;2.639e+01;HMR;None;Signal;2.286e-12;NA;7.248e+00;8.747e-01;1.426e-02;3.484e+00;1.101e+01;None
20220629_4_3Spp_C;9.880e+00;7.817e-01;5.026e-02;-5.241e-02;1.981e+01;HMR;None;Signal;5.079e-11;NA;6.890e+00;5.589e-01;6.517e-03;4.485e+00;9.295e+00;None
20220629_4_Clover_A;5.482e+00;1.429e+00;6.176e-02;-6.684e-01;1.163e+01;LR;None;Signal;6.970e-08;NA;5.482e+00;1.429e+00;6.176e-02;-6.684e-01;1.163e+01;None
20220629_4_Clover_B;7.434e+00;2.571e-01;2.201e-02;4.167e+00;1.070e+01;HMR;None;Signal;6.482e-08;NA;5.838e+00;3.131e-01;2.863e-03;4.491e+00;7.185e+00;None
20220629_4_Clover_C;5.080e+00;2.147e+00;1.416e-01;-4.158e+00;1.432e+01;LR;None;Signal;4.412e-08;NA;5.080e+00;2.147e+00;1.416e-01;-4.158e+00;1.432e+01;None
20220629_4_Clover_D;1.470e+01;2.102e+01;6.114e-01;-2.523e+02;2.817e+02;HMR;None;Signal;3.532e-02;NA;2.041e+00;1.404e+00;2.833e-01;-4.001e+00;8.083e+00;None
20220629_4_Trit_A;2.501e+01;1.368e+02;8.849e-01;-1.713e+03;1.763e+03;HMR;None;Signal;2.302e-04;NA;1.894e+00;2.711e+00;5.572e-01;-9.772e+00;1.356e+01;None
20220629_4_Trit_B;1.119e+01;2.117e+00;3.397e-02;2.083e+00;2.030e+01;LR;None;Signal;0.000e+00;NA;1.119e+01;2.117e+00;3.397e-02;2.083e+00;2.030e+01;None
20220629_4_Trit_C;9.587e+00;2.821e-01;1.873e-02;6.002e+00;1.317e+01;HMR;None;Signal;7.661e-15;NA;8.050e+00;3.074e-01;1.455e-03;6.727e+00;9.372e+00;None
20220630_1_3Spp_A;NA;NA;NA;NA;NA;None;Data error;None;NA;NA;NA;NA;NA;NA;NA;Data error
20220630_1_3Spp_B;NA;NA;NA;NA;NA;None;Data error;None;NA;NA;NA;NA;NA;NA;NA;Data error
20220630_1_3Spp_C;NA;NA;NA;NA;NA;None;Data error;None;NA;NA;NA;NA;NA;NA;NA;Data error
20220630_1_Clover_A;NA;NA;NA;NA;NA;None;Data error;None;NA;NA;NA;NA;NA;NA;NA;Data error
20220630_1_Clover_B;NA;NA;NA;NA;NA;None;Data error;None;NA;NA;NA;NA;NA;NA;NA;Data error
20220630_1_Clover_C;NA;NA;NA;NA;NA;None;Data error;None;NA;NA;NA;NA;NA;NA;NA;Data error
20220630_1_Clover_D;NA;NA;NA;NA;NA;None;Data error;None;NA;NA;NA;NA;NA;NA;NA;Data error
20220630_1_Trit_A;NA;NA;NA;NA;NA;None;Data error;None;NA;NA;NA;NA;NA;NA;NA;Data error
20220630_1_Trit_B;NA;NA;NA;NA;NA;None;Data error;None;NA;NA;NA;NA;NA;NA;NA;Data error
20220630_1_Trit_C;NA;NA;NA;NA;NA;None;Data error;None;NA;NA;NA;NA;NA;NA;NA;Data error
20220630_2_3Spp_A;NA;NA;NA;NA;NA;None;Data error;None;NA;NA;NA;NA;NA;NA;NA;Data error
20220630_2_3Spp_B;NA;NA;NA;NA;NA;None;Data error;None;NA;NA;NA;NA;NA;NA;NA;Data error
20220630_2_3Spp_C;NA;NA;NA;NA;NA;None;Data error;None;NA;NA;NA;NA;NA;NA;NA;Data error
20220630_2_Clover_A;NA;NA;NA;NA;NA;None;Data error;None;NA;NA;NA;NA;NA;NA;NA;Data error
20220630_2_Clover_B;NA;NA;NA;NA;NA;None;Data error;None;NA;NA;NA;NA;NA;NA;NA;Data error
20220630_2_Clover_C;NA;NA;NA;NA;NA;None;Data error;None;NA;NA;NA;NA;NA;NA;NA;Data error
20220630_2_Clover_D;NA;NA;NA;NA;NA;None;Data error;None;NA;NA;NA;NA;NA;NA;NA;Data error
20220630_2_Trit_A;NA;NA;NA;NA;NA;None;Data error;None;NA;NA;NA;NA;NA;NA;NA;Data error
20220630_2_Trit_B;NA;NA;NA;NA;NA;None;Data error;None;NA;NA;NA;NA;NA;NA;NA;Data error
20220630_2_Trit_C;NA;NA;NA;NA;NA;None;Data error;None;NA;NA;NA;NA;NA;NA;NA;Data error
20220707_3_3Spp_A;NA;NA;NA;NA;NA;None;Data error;None;NA;NA;NA;NA;NA;NA;NA;Data error
20220707_3_3Spp_B;NA;NA;NA;NA;NA;None;Data error;None;NA;NA;NA;NA;NA;NA;NA;Data error
20220707_3_3Spp_C;NA;NA;NA;NA;NA;None;Data error;None;NA;NA;NA;NA;NA;NA;NA;Data error
20220707_3_Clover_A;NA;NA;NA;NA;NA;None;Data error;None;NA;NA;NA;NA;NA;NA;NA;Data error
20220707_3_Clover_B;NA;NA;NA;NA;NA;None;Data error;None;NA;NA;NA;NA;NA;NA;NA;Data error
20220707_3_Clover_C;NA;NA;NA;NA;NA;None;Data error;None;NA;NA;NA;NA;NA;NA;NA;Data error
20220707_3_Clover_D;NA;NA;NA;NA;NA;None;Data error;None;NA;NA;NA;NA;NA;NA;NA;Data error
20220707_3_Trit_A;NA;NA;NA;NA;NA;None;Data error;None;NA;NA;NA;NA;NA;NA;NA;Data error
20220707_3_Trit_B;NA;NA;NA;NA;NA;None;Data error;None;NA;NA;NA;NA;NA;NA;NA;Data error
20220707_3_Trit_C;NA;NA;NA;NA;NA;None;Data error;None;NA;NA;NA;NA;NA;NA;NA;Data error
20220707_4_3Spp_A;NA;NA;NA;NA;NA;None;Data error;None;NA;NA;NA;NA;NA;NA;NA;Data error
20220707_4_3Spp_B;NA;NA;NA;NA;NA;None;Data error;None;NA;NA;NA;NA;NA;NA;NA;Data error
20220707_4_3Spp_C;NA;NA;NA;NA;NA;None;Data error;None;NA;NA;NA;NA;NA;NA;NA;Data error
20220707_4_Clover_A;NA;NA;NA;NA;NA;None;Data error;None;NA;NA;NA;NA;NA;NA;NA;Data error
20220707_4_Clover_B;NA;NA;NA;NA;NA;None;Data error;None;NA;NA;NA;NA;NA;NA;NA;Data error
20220707_4_Clover_C;NA;NA;NA;NA;NA;None;Data error;None;NA;NA;NA;NA;NA;NA;NA;Data error
20220707_4_Clover_D;NA;NA;NA;NA;NA;None;Data error;None;NA;NA;NA;NA;NA;NA;NA;Data error
20220707_4_Trit_A;NA;NA;NA;NA;NA;None;Data error;None;NA;NA;NA;NA;NA;NA;NA;Data error
20220707_4_Trit_B;NA;NA;NA;NA;NA;None;Data error;None;NA;NA;NA;NA;NA;NA;NA;Data error
20220707_4_Trit_C;NA;NA;NA;NA;NA;None;Data error;None;NA;NA;NA;NA;NA;NA;NA;Data error
20220719_1_3Spp_A;0.000e+00;NA;NA;NA;NA;No flux;None;Noise;7.805e-01;NA;1.274e-01;7.104e-01;8.742e-01;-2.929e+00;3.184e+00;None
20220719_1_3Spp_B;4.034e+00;1.590e+00;1.265e-01;-2.806e+00;1.087e+01;LR;None;Signal;4.939e-05;NA;4.034e+00;1.590e+00;1.265e-01;-2.806e+00;1.087e+01;None
20220719_1_3Spp_C;7.402e+00;9.303e+00;5.721e-01;-1.108e+02;1.256e+02;HMR;None;Signal;4.029e-04;NA;3.749e+00;1.248e+00;9.530e-02;-1.622e+00;9.121e+00;None
20220719_1_Clover_A;2.678e+00;4.176e-01;2.346e-02;8.813e-01;4.475e+00;LR;None;Signal;4.680e-02;NA;2.678e+00;4.176e-01;2.346e-02;8.813e-01;4.475e+00;None
20220719_1_Clover_B;5.237e+00;3.689e+00;3.907e-01;-4.164e+01;5.211e+01;HMR;None;Signal;1.364e-04;NA;4.291e+00;6.751e-01;2.387e-02;1.386e+00;7.195e+00;None
20220719_1_Clover_C;4.073e+00;1.499e+00;1.130e-01;-2.377e+00;1.052e+01;LR;None;Signal;5.594e-05;NA;4.073e+00;1.499e+00;1.130e-01;-2.377e+00;1.052e+01;None
20220719_1_Clover_D;5.749e+00;6.082e-01;6.710e-02;-1.979e+00;1.348e+01;HMR;None;Signal;5.972e-03;NA;3.381e+00;4.100e-01;1.439e-02;1.617e+00;5.145e+00;None
20220719_1_Trit_A;0.000e+00;NA;NA;NA;NA;No flux;None;Noise;8.945e-02;NA;2.393e+00;4.559e-01;3.442e-02;4.318e-01;4.355e+00;None
20220719_1_Trit_B;7.292e+00;6.063e-01;5.281e-02;-4.120e-01;1.500e+01;HMR;None;Signal;4.662e-07;NA;5.495e+00;3.523e-01;4.085e-03;3.980e+00;7.011e+00;None
20220719_1_Trit_C;6.131e+00;3.956e-02;4.108e-03;5.628e+00;6.634e+00;HMR;None;Signal;3.360e-06;NA;5.150e+00;1.943e-01;1.420e-03;4.314e+00;5.986e+00;None
20220719_2_3Spp_A;7.072e+00;4.415e+00;3.553e-01;-4.902e+01;6.317e+01;HMR;None;Signal;3.106e-10;NA;6.568e+00;8.557e-01;1.655e-02;2.887e+00;1.025e+01;None
20220719_2_3Spp_B;6.365e+00;6.682e-01;1.084e-02;3.490e+00;9.240e+00;LR;None;Signal;1.632e-09;NA;6.365e+00;6.682e-01;1.084e-02;3.490e+00;9.240e+00;None
20220719_2_3Spp_C;8.666e+00;6.765e-01;4.960e-02;6.953e-02;1.726e+01;HMR;None;Signal;1.891e-12;NA;7.366e+00;2.890e-01;1.536e-03;6.122e+00;8.610e+00;None
20220719_2_Clover_A;7.696e+00;1.385e+00;1.133e-01;-9.899e+00;2.529e+01;HMR;None;Signal;7.152e-08;NA;5.808e+00;4.195e-01;5.176e-03;4.003e+00;7.614e+00;None
20220719_2_Clover_B;5.814e+00;9.173e-01;2.400e-02;1.867e+00;9.761e+00;LR;None;Signal;3.482e-08;NA;5.814e+00;9.173e-01;2.400e-02;1.867e+00;9.761e+00;None
20220719_2_Clover_C;6.122e+00;2.333e+00;1.197e-01;-3.918e+00;1.616e+01;LR;None;Signal;4.418e-11;NA;6.122e+00;2.333e+00;1.197e-01;-3.918e+00;1.616e+01;None
20220719_2_Clover_D;7.964e+00;1.562e+00;1.233e-01;-1.188e+01;2.780e+01;HMR;None;Signal;7.057e-05;NA;4.459e+00;6.103e-01;1.823e-02;1.833e+00;7.084e+00;None
20220719_2_Trit_A;1.038e+01;4.595e+00;2.653e-01;-4.801e+01;6.877e+01;HMR;None;Signal;3.911e-04;NA;3.856e+00;1.087e+00;7.107e-02;-8.199e-01;8.533e+00;None
20220719_2_Trit_B;1.273e+01;1.988e+00;9.865e-02;-1.253e+01;3.799e+01;HMR;None;Signal;9.709e-09;NA;5.978e+00;1.054e+00;2.969e-02;1.445e+00;1.051e+01;None
20220719_2_Trit_C;7.580e+00;9.577e-02;8.043e-03;6.363e+00;8.797e+00;HMR;None;Signal;4.193e-11;NA;6.959e+00;1.280e-01;3.383e-04;6.408e+00;7.510e+00;None
20220719_3_3Spp_A;5.605e+00;1.289e+00;4.900e-02;6.068e-02;1.115e+01;LR;None;Signal;5.127e-08;NA;5.605e+00;1.289e+00;4.900e-02;6.068e-02;1.115e+01;None
20220719_3_3Spp_B;6.494e+00;5.200e+00;4.298e-01;-5.957e+01;7.256e+01;HMR;None;Signal;3.101e-05;NA;4.532e+00;9.230e-01;3.907e-02;5.604e-01;8.504e+00;None
20220719_3_3Spp_C;6.550e+00;4.453e-01;4.321e-02;8.920e-01;1.221e+01;HMR;None;Signal;4.523e-05;NA;4.607e+00;3.706e-01;6.409e-03;3.013e+00;6.202e+00;None
20220719_3_Clover_A;7.423e+00;2.188e-01;1.876e-02;4.643e+00;1.020e+01;HMR;None;Signal;1.411e-06;NA;5.289e+00;4.006e-01;5.689e-03;3.565e+00;7.012e+00;None
20220719_3_Clover_B;6.219e+00;2.150e+00;2.119e-01;-2.110e+01;3.354e+01;HMR;None;Signal;2.487e-05;NA;4.719e+00;4.522e-01;9.059e-03;2.773e+00;6.665e+00;None
20220719_3_Clover_C;4.329e+00;1.340e+00;8.388e-02;-1.435e+00;1.009e+01;LR;None;Signal;2.967e-05;NA;4.329e+00;1.340e+00;8.388e-02;-1.435e+00;1.009e+01;None
20220719_3_Clover_D;5.562e+00;6.874e-01;7.828e-02;-3.172e+00;1.430e+01;HMR;None;Signal;1.939e-04;NA;4.299e+00;2.652e-01;3.783e-03;3.158e+00;5.441e+00;None
20220719_3_Trit_A;0.000e+00;NA;NA;NA;NA;No flux;None;Noise;6.861e-02;NA;2.424e+00;6.463e-01;6.431e-02;-3.569e-01;5.205e+00;None
20220719_3_Trit_B;5.644e+00;5.148e-02;5.806e-03;4.990e+00;6.298e+00;HMR;None;Signal;1.578e-04;NA;4.349e+00;2.482e-01;3.242e-03;3.281e+00;5.417e+00;None
20220719_3_Trit_C;1.025e+01;6.671e-01;4.139e-02;1.769e+00;1.872e+01;HMR;None;Signal;6.336e-07;NA;5.340e+00;8.167e-01;2.260e-02;1.826e+00;8.854e+00;None
20220719_4_3Spp_A;5.077e+00;5.264e-01;1.058e-02;2.812e+00;7.342e+00;LR;None;Signal;3.847e-06;NA;5.077e+00;5.264e-01;1.058e-02;2.812e+00;7.342e+00;None
20220719_4_3Spp_B;5.146e+00;1.109e+00;4.346e-02;3.731e-01;9.919e+00;LR;None;Signal;1.010e-06;NA;5.146e+00;1.109e+00;4.346e-02;3.731e-01;9.919e+00;None
20220719_4_3Spp_C;1.091e+01;3.227e+00;1.831e-01;-3.009e+01;5.190e+01;HMR;None;Signal;3.040e-05;NA;4.479e+00;1.053e+00;5.110e-02;-5.305e-02;9.011e+00;None
20220719_4_Clover_A;4.550e+00;5.765e-01;1.568e-02;2.070e+00;7.031e+00;LR;None;Signal;4.835e-05;NA;4.550e+00;5.765e-01;1.568e-02;2.070e+00;7.031e+00;None
20220719_4_Clover_B;9.823e+00;1.271e+00;8.193e-02;-6.329e+00;2.597e+01;HMR;None;Signal;1.929e-06;NA;5.148e+00;7.682e-01;2.155e-02;1.843e+00;8.453e+00;None
20220719_4_Clover_C;5.947e+00;2.420e+00;1.333e-01;-4.465e+00;1.636e+01;LR;None;Signal;8.622e-11;NA;5.947e+00;2.420e+00;1.333e-01;-4.465e+00;1.636e+01;None
20220719_4_Clover_D;9.632e+00;1.781e+00;1.164e-01;-1.300e+01;3.227e+01;HMR;None;Signal;8.818e-07;NA;5.289e+00;7.868e-01;2.143e-02;1.903e+00;8.674e+00;None
20220719_4_Trit_A;5.002e+00;1.018e+00;3.903e-02;6.207e-01;9.383e+00;LR;None;Signal;2.607e-06;NA;5.002e+00;1.018e+00;3.903e-02;6.207e-01;9.383e+00;None
20220719_4_Trit_B;1.284e+01;2.412e-01;1.196e-02;9.772e+00;1.590e+01;HMR;None;Signal;7.350e-14;NA;7.684e+00;8.980e-01;1.338e-02;3.820e+00;1.155e+01;None
20220719_4_Trit_C;9.001e+00;4.524e-01;3.197e-02;3.252e+00;1.475e+01;HMR;None;Signal;1.023e-09;NA;6.470e+00;4.747e-01;5.340e-03;4.427e+00;8.512e+00;None
20220802_1_3Spp_A;5.593e+00;2.755e+00;2.914e-01;-2.941e+01;4.060e+01;HMR;None;Signal;7.372e-04;NA;3.920e+00;5.519e-01;1.926e-02;1.545e+00;6.294e+00;None
20220802_1_3Spp_B;4.216e+00;3.719e-01;5.601e-02;-5.096e-01;8.942e+00;HMR;None;Signal;1.234e-02;NA;3.194e+00;2.020e-01;3.976e-03;2.325e+00;4.064e+00;None
20220802_1_3Spp_C;5.025e+00;1.146e+00;1.427e-01;-9.532e+00;1.958e+01;HMR;None;Signal;3.363e-03;NA;3.564e+00;3.362e-01;8.784e-03;2.117e+00;5.011e+00;None
20220802_1_Clover_A;0.000e+00;NA;NA;NA;NA;No flux;None;Noise;5.889e-02;NA;2.615e+00;3.148e-01;1.419e-02;1.260e+00;3.969e+00;None
20220802_1_Clover_B;3.618e+00;3.112e-01;7.315e-03;2.279e+00;4.957e+00;LR;None;Signal;2.817e-03;NA;3.618e+00;3.112e-01;7.315e-03;2.279e+00;4.957e+00;None
20220802_1_Clover_C;3.088e+00;7.402e-01;5.295e-02;-9.715e-02;6.272e+00;LR;None;Signal;1.043e-02;NA;3.088e+00;7.402e-01;5.295e-02;-9.715e-02;6.272e+00;None
20220802_1_Clover_D;5.119e+00;1.897e+00;2.260e-01;-1.899e+01;2.923e+01;HMR;None;Signal;9.917e-04;NA;3.883e+00;3.892e-01;9.899e-03;2.208e+00;5.558e+00;None
20220802_1_Trit_A;3.996e+00;1.210e+00;1.871e-01;-1.138e+01;1.937e+01;HMR;None;Signal;2.689e-03;NA;3.642e+00;2.423e-01;4.397e-03;2.599e+00;4.684e+00;None
20220802_1_Trit_B;4.799e+00;2.969e-01;3.804e-03;3.522e+00;6.077e+00;LR;None;Signal;1.894e-05;NA;4.799e+00;2.969e-01;3.804e-03;3.522e+00;6.077e+00;None
20220802_1_Trit_C;0.000e+00;NA;NA;NA;NA;No flux;None;Noise;1.085e-01;NA;2.337e+00;3.664e-01;2.372e-02;7.601e-01;3.913e+00;None
20220802_2_3Spp_A;6.419e+00;3.504e+00;3.181e-01;-3.811e+01;5.095e+01;HMR;None;Signal;8.519e-06;NA;4.892e+00;6.494e-01;1.717e-02;2.098e+00;7.687e+00;None
20220802_2_3Spp_B;3.836e+00;2.482e+00;3.656e-01;-2.770e+01;3.537e+01;HMR;None;Signal;2.846e-03;NA;3.578e+00;4.818e-01;1.766e-02;1.505e+00;5.651e+00;None
20220802_2_3Spp_C;6.288e+00;1.139e+00;1.141e-01;-8.191e+00;2.077e+01;HMR;None;Signal;5.175e-05;NA;4.579e+00;3.633e-01;6.233e-03;3.016e+00;6.142e+00;None
20220802_2_Clover_A;2.928e+00;6.968e-01;5.222e-02;-6.959e-02;5.926e+00;LR;None;Signal;1.768e-02;NA;2.928e+00;6.968e-01;5.222e-02;-6.959e-02;5.926e+00;None
20220802_2_Clover_B;1.047e+01;1.951e+00;1.173e-01;-1.431e+01;3.525e+01;HMR;None;Signal;1.419e-03;NA;3.572e+00;9.754e-01;6.715e-02;-6.250e-01;7.769e+00;None
20220802_2_Clover_C;3.584e+00;1.030e-02;8.268e-06;3.539e+00;3.628e+00;LR;None;Signal;3.506e-03;NA;3.584e+00;1.030e-02;8.268e-06;3.539e+00;3.628e+00;None
20220802_2_Clover_D;0.000e+00;NA;NA;NA;NA;No flux;None;Noise;1.084e-01;NA;2.333e+00;3.780e-01;2.526e-02;7.067e-01;3.960e+00;None
20220802_2_Trit_A;0.000e+00;NA;NA;NA;NA;No flux;None;Noise;1.482e-01;NA;1.865e+00;8.859e-01;1.699e-01;-1.947e+00;5.677e+00;None
20220802_2_Trit_B;5.640e+00;3.721e+00;3.713e-01;-4.164e+01;5.292e+01;HMR;None;Signal;2.538e-05;NA;4.658e+00;6.860e-01;2.101e-02;1.706e+00;7.610e+00;None
20220802_2_Trit_C;3.375e+00;8.092e-01;5.296e-02;-1.068e-01;6.857e+00;LR;None;Signal;3.764e-03;NA;3.375e+00;8.092e-01;5.296e-02;-1.068e-01;6.857e+00;None
20220901_1_3Spp_A;4.365e+00;3.567e+00;4.362e-01;-4.096e+01;4.969e+01;HMR;None;Signal;4.041e-04;NA;4.028e+00;6.870e-01;2.788e-02;1.072e+00;6.984e+00;None
20220901_1_3Spp_B;0.000e+00;NA;NA;NA;NA;No flux;None;Noise;1.474e-01;NA;2.135e+00;5.002e-01;5.073e-02;-1.670e-02;4.287e+00;None
20220901_1_3Spp_C;3.325e+00;9.739e-01;7.614e-02;-8.657e-01;7.515e+00;LR;None;Signal;3.326e-03;NA;3.325e+00;9.739e-01;7.614e-02;-8.657e-01;7.515e+00;None
20220901_1_Clover_A;3.405e+00;4.937e-01;9.166e-02;-2.868e+00;9.678e+00;HMR;None;Signal;4.819e-02;NA;2.722e+00;1.559e-01;3.264e-03;2.051e+00;3.393e+00;None
20220901_1_Clover_B;5.178e+00;1.400e-01;1.721e-02;3.399e+00;6.957e+00;HMR;None;Signal;1.965e-02;NA;3.009e+00;3.708e-01;1.485e-02;1.413e+00;4.604e+00;None
20220901_1_Clover_C;5.886e+00;2.291e+00;2.364e-01;-2.323e+01;3.500e+01;HMR;None;Signal;9.989e-03;NA;3.174e+00;5.677e-01;3.054e-02;7.309e-01;5.617e+00;None
20220901_1_Clover_D;3.310e+00;3.889e-01;7.445e-02;-1.631e+00;8.251e+00;HMR;None;Signal;1.962e-02;NA;3.052e+00;9.088e-02;8.855e-04;2.661e+00;3.443e+00;None
20220901_1_Trit_A;0.000e+00;NA;NA;NA;NA;No flux;None;Noise;1.276e-01;NA;2.303e+00;1.923e-01;6.900e-03;1.475e+00;3.130e+00;None
20220901_1_Trit_B;4.198e+00;5.042e-01;1.412e-02;2.029e+00;6.368e+00;LR;None;Signal;2.485e-04;NA;4.198e+00;5.042e-01;1.412e-02;2.029e+00;6.368e+00;None
20220901_1_Trit_C;3.351e+00;4.805e-01;1.995e-02;1.284e+00;5.419e+00;LR;None;Signal;6.191e-03;NA;3.351e+00;4.805e-01;1.995e-02;1.284e+00;5.419e+00;None
20220901_2_3Spp_A;0.000e+00;NA;NA;NA;NA;No flux;None;Noise;6.761e-02;NA;2.563e+00;2.933e-01;1.284e-02;1.301e+00;3.825e+00;None
20220901_2_3Spp_B;2.872e+00;4.201e-01;2.073e-02;1.064e+00;4.680e+00;LR;None;Signal;2.788e-02;NA;2.872e+00;4.201e-01;2.073e-02;1.064e+00;4.680e+00;None
20220901_2_3Spp_C;6.797e+00;6.124e+00;4.669e-01;-7.102e+01;8.461e+01;HMR;None;Signal;3.743e-03;NA;3.341e+00;8.801e-01;6.291e-02;-4.456e-01;7.128e+00;None
20220901_2_Clover_A;5.272e+00;1.114e+00;1.326e-01;-8.888e+00;1.943e+01;HMR;None;Signal;4.884e-02;NA;2.647e+00;4.599e-01;2.889e-02;6.681e-01;4.626e+00;None
20220901_2_Clover_B;3.565e+00;1.065e+00;7.880e-02;-1.016e+00;8.147e+00;LR;None;Signal;1.211e-03;NA;3.565e+00;1.065e+00;7.880e-02;-1.016e+00;8.147e+00;None
20220901_2_Clover_C;0.000e+00;NA;NA;NA;NA;No flux;None;Noise;2.324e-01;NA;1.879e+00;5.073e-01;6.578e-02;-3.037e-01;4.062e+00;None
20220901_2_Clover_D;0.000e+00;NA;NA;NA;NA;No flux;None;Noise;1.934e-01;NA;2.093e+00;1.988e-01;8.907e-03;1.237e+00;2.948e+00;None
20220901_2_Trit_A;0.000e+00;NA;NA;NA;NA;No flux;None;Noise;5.104e-02;NA;2.705e+00;9.695e-02;1.282e-03;2.288e+00;3.122e+00;None
20220901_2_Trit_B;0.000e+00;NA;NA;NA;NA;No flux;None;Noise;3.039e-01;NA;1.422e+00;8.391e-01;2.322e-01;-2.188e+00;5.033e+00;None
20220901_2_Trit_C;4.007e+00;1.439e+00;2.194e-01;-1.427e+01;2.228e+01;HMR;None;Signal;3.265e-02;NA;2.843e+00;3.085e-01;1.157e-02;1.516e+00;4.170e+00;None
20220901_3_3Spp_A;0.000e+00;NA;NA;NA;NA;No flux;None;Noise;2.336e-01;NA;2.006e+00;7.134e-02;1.262e-03;1.699e+00;2.313e+00;None
20220901_3_3Spp_B;0.000e+00;NA;NA;NA;NA;No flux;None;Noise;1.531e-01;NA;2.228e+00;7.914e-02;1.259e-03;1.888e+00;2.569e+00;None
20220901_3_3Spp_C;3.456e+00;3.867e-01;1.229e-02;1.792e+00;5.119e+00;LR;None;Signal;4.724e-03;NA;3.456e+00;3.867e-01;1.229e-02;1.792e+00;5.119e+00;None
20220901_3_Clover_A;5.150e+00;1.084e+00;1.321e-01;-8.628e+00;1.893e+01;HMR;None;Signal;9.779e-05;NA;4.457e+00;2.405e-01;2.899e-03;3.422e+00;5.492e+00;None
20220901_3_Clover_B;5.652e+00;4.518e-01;5.079e-02;-8.963e-02;1.139e+01;HMR;None;Signal;9.243e-04;NA;3.913e+00;3.239e-01;6.784e-03;2.519e+00;5.307e+00;None
20220901_3_Clover_C;0.000e+00;NA;NA;NA;NA;No flux;None;Noise;2.922e-01;NA;1.744e+00;4.895e-01;7.050e-02;-3.615e-01;3.850e+00;None
20220901_3_Clover_D;0.000e+00;NA;NA;NA;NA;No flux;None;Noise;1.012e-01;NA;2.236e+00;6.636e-01;7.795e-02;-6.196e-01;5.091e+00;None
20220901_3_Trit_A;1.113e+01;1.040e+00;5.929e-02;-2.080e+00;2.435e+01;HMR;None;Signal;4.680e-03;NA;3.205e+00;9.962e-01;8.452e-02;-1.081e+00;7.492e+00;None
20220901_3_Trit_B;3.680e+00;2.777e-01;5.645e-03;2.485e+00;4.875e+00;LR;None;Signal;2.295e-03;NA;3.680e+00;2.777e-01;5.645e-03;2.485e+00;4.875e+00;None
20220901_3_Trit_C;5.904e+00;1.671e+00;1.755e-01;-1.532e+01;2.713e+01;HMR;None;Signal;2.163e-04;NA;4.249e+00;4.219e-01;9.715e-03;2.434e+00;6.064e+00;None
20220901_4_3Spp_A;0.000e+00;NA;NA;NA;NA;No flux;None;Noise;1.410e-01;NA;1.921e+00;8.564e-01;1.541e-01;-1.764e+00;5.606e+00;None
20220901_4_3Spp_B;4.032e+00;1.753e+00;2.611e-01;-1.824e+01;2.631e+01;HMR;None;Signal;8.210e-03;NA;3.300e+00;3.385e-01;1.036e-02;1.844e+00;4.756e+00;None
20220901_4_3Spp_C;7.762e+00;6.016e+00;4.198e-01;-6.868e+01;8.420e+01;HMR;None;Signal;1.640e-02;NA;2.794e+00;9.730e-01;1.029e-01;-1.392e+00;6.981e+00;None
20220901_4_Clover_A;0.000e+00;NA;NA;NA;NA;No flux;None;Noise;4.360e-01;NA;1.209e+00;7.454e-01;2.462e-01;-1.998e+00;4.416e+00;None
20220901_4_Clover_B;0.000e+00;NA;NA;NA;NA;No flux;None;Noise;9.345e-01;NA;3.496e-01;3.753e-01;4.500e-01;-1.265e+00;1.965e+00;None
20220901_4_Clover_C;0.000e+00;NA;NA;NA;NA;No flux;None;Noise;4.772e-01;NA;1.261e+00;6.168e-01;1.776e-01;-1.393e+00;3.915e+00;None
20220901_4_Clover_D;0.000e+00;NA;NA;NA;NA;No flux;None;Noise;8.599e-02;NA;2.113e+00;9.387e-01;1.532e-01;-1.926e+00;6.152e+00;None
20220901_4_Trit_A;4.422e+00;2.619e-01;3.766e-02;1.094e+00;7.749e+00;HMR;None;Signal;3.174e-03;NA;3.604e+00;1.653e-01;2.097e-03;2.893e+00;4.315e+00;None
20220901_4_Trit_B;7.352e+00;2.275e-01;1.969e-02;4.461e+00;1.024e+01;HMR;None;Signal;2.010e-03;NA;3.640e+00;5.983e-01;2.597e-02;1.066e+00;6.214e+00;None
20220901_4_Trit_C;2.791e+00;2.908e-01;1.068e-02;1.540e+00;4.042e+00;LR;None;Signal;3.797e-02;NA;2.791e+00;2.908e-01;1.068e-02;1.540e+00;4.042e+00;None
20220910_1_3Spp_A;NA;NA;NA;NA;NA;None;Data error;None;NA;NA;NA;NA;NA;NA;NA;Data error
20220910_1_3Spp_B;NA;NA;NA;NA;NA;None;Data error;None;NA;NA;NA;NA;NA;NA;NA;Data error
20220910_1_3Spp_C;NA;NA;NA;NA;NA;None;Data error;None;NA;NA;NA;NA;NA;NA;NA;Data error
20220910_1_Clover_A;NA;NA;NA;NA;NA;None;Data error;None;NA;NA;NA;NA;NA;NA;NA;Data error
20220910_1_Clover_B;NA;NA;NA;NA;NA;None;Data error;None;NA;NA;NA;NA;NA;NA;NA;Data error
20220910_1_Clover_C;NA;NA;NA;NA;NA;None;Data error;None;NA;NA;NA;NA;NA;NA;NA;Data error
20220910_1_Clover_D;NA;NA;NA;NA;NA;None;Data error;None;NA;NA;NA;NA;NA;NA;NA;Data error
20220910_1_Trit_A;NA;NA;NA;NA;NA;None;Data error;None;NA;NA;NA;NA;NA;NA;NA;Data error
20220910_1_Trit_B;NA;NA;NA;NA;NA;None;Data error;None;NA;NA;NA;NA;NA;NA;NA;Data error
20220910_1_Trit_C;NA;NA;NA;NA;NA;None;Data error;None;NA;NA;NA;NA;NA;NA;NA;Data error
20220910_2_3Spp_A;NA;NA;NA;NA;NA;None;Data error;None;NA;NA;NA;NA;NA;NA;NA;Data error
20220910_2_3Spp_B;NA;NA;NA;NA;NA;None;Data error;None;NA;NA;NA;NA;NA;NA;NA;Data error
20220910_2_3Spp_C;NA;NA;NA;NA;NA;None;Data error;None;NA;NA;NA;NA;NA;NA;NA;Data error
20220910_2_Clover_A;NA;NA;NA;NA;NA;None;Data error;None;NA;NA;NA;NA;NA;NA;NA;Data error
20220910_2_Clover_B;NA;NA;NA;NA;NA;None;Data error;None;NA;NA;NA;NA;NA;NA;NA;Data error
20220910_2_Clover_C;NA;NA;NA;NA;NA;None;Data error;None;NA;NA;NA;NA;NA;NA;NA;Data error
20220910_2_Clover_D;NA;NA;NA;NA;NA;None;Data error;None;NA;NA;NA;NA;NA;NA;NA;Data error
20220910_2_Trit_A;NA;NA;NA;NA;NA;None;Data error;None;NA;NA;NA;NA;NA;NA;NA;Data error
20220910_2_Trit_B;NA;NA;NA;NA;NA;None;Data error;None;NA;NA;NA;NA;NA;NA;NA;Data error
20220910_2_Trit_C;NA;NA;NA;NA;NA;None;Data error;None;NA;NA;NA;NA;NA;NA;NA;Data error
20220910_3_3Spp_A;4.891e+00;2.367e+00;1.748e-01;-5.295e+00;1.508e+01;LR;None;Signal;4.196e-08;NA;4.891e+00;2.367e+00;1.748e-01;-5.295e+00;1.508e+01;None
20220910_3_3Spp_B;5.079e+00;9.289e-01;3.186e-02;1.082e+00;9.076e+00;LR;None;Signal;2.092e-06;NA;5.079e+00;9.289e-01;3.186e-02;1.082e+00;9.076e+00;None
20220910_3_3Spp_C;0.000e+00;NA;NA;NA;NA;No flux;None;Noise;5.221e-01;NA;1.128e+00;6.529e-01;2.261e-01;-1.681e+00;3.937e+00;None
20220910_3_Clover_A;9.425e+00;4.185e+00;2.660e-01;-4.375e+01;6.260e+01;HMR;None;Signal;1.773e-07;NA;5.556e+00;8.543e-01;2.284e-02;1.880e+00;9.232e+00;None
20220910_3_Clover_B;5.049e+00;1.347e+00;6.435e-02;-7.455e-01;1.084e+01;LR;None;Signal;9.200e-07;NA;5.049e+00;1.347e+00;6.435e-02;-7.455e-01;1.084e+01;None
20220910_3_Clover_C;4.180e+00;1.720e+00;1.357e-01;-3.222e+00;1.158e+01;LR;None;Signal;1.725e-05;NA;4.180e+00;1.720e+00;1.357e-01;-3.222e+00;1.158e+01;None
20220910_3_Clover_D;5.658e+00;4.443e+00;4.238e-01;-5.080e+01;6.211e+01;HMR;None;Signal;2.925e-02;NA;2.714e+00;7.544e-01;6.933e-02;-5.320e-01;5.960e+00;None
20220910_3_Trit_A;2.449e+00;2.164e+00;3.752e-01;-6.864e+00;1.176e+01;LR;None;Signal;9.970e-04;NA;2.449e+00;2.164e+00;3.752e-01;-6.864e+00;1.176e+01;None
20220910_3_Trit_B;2.540e+00;2.443e+00;4.076e-01;-7.970e+00;1.305e+01;LR;None;Signal;2.188e-04;NA;2.540e+00;2.443e+00;4.076e-01;-7.970e+00;1.305e+01;None
20220910_3_Trit_C;4.224e+00;2.578e+00;2.430e-01;-6.870e+00;1.532e+01;LR;None;Signal;3.273e-07;NA;4.224e+00;2.578e+00;2.430e-01;-6.870e+00;1.532e+01;None
20220910_4_3Spp_A;4.258e+00;8.594e-01;3.840e-02;5.604e-01;7.956e+00;LR;None;Signal;1.179e-04;NA;4.258e+00;8.594e-01;3.840e-02;5.604e-01;7.956e+00;None
20220910_4_3Spp_B;1.480e+01;1.969e+01;5.897e-01;-2.354e+02;2.650e+02;HMR;None;Signal;5.026e-03;NA;2.577e+00;1.654e+00;2.595e-01;-4.540e+00;9.694e+00;None
20220910_4_3Spp_C;9.014e+00;1.601e+00;1.119e-01;-1.133e+01;2.935e+01;HMR;None;Signal;1.272e-08;NA;6.058e+00;6.059e-01;9.856e-03;3.451e+00;8.665e+00;None
20220910_4_Clover_A;6.423e+00;8.435e+00;5.857e-01;-1.008e+02;1.136e+02;HMR;None;Signal;1.788e-05;NA;4.404e+00;1.401e+00;8.808e-02;-1.625e+00;1.043e+01;None
20220910_4_Clover_B;9.486e+00;2.786e+00;1.819e-01;-2.591e+01;4.488e+01;HMR;None;Signal;2.875e-03;NA;3.397e+00;9.225e-01;6.646e-02;-5.717e-01;7.366e+00;None
20220910_4_Clover_C;1.753e+01;4.168e+01;7.466e-01;-5.120e+02;5.471e+02;HMR;None;Signal;2.410e-03;NA;2.251e+00;2.066e+00;3.897e-01;-6.637e+00;1.114e+01;None
20220910_4_Clover_D;8.991e+00;7.544e+00;4.444e-01;-8.686e+01;1.048e+02;HMR;None;Signal;4.275e-03;NA;3.125e+00;1.157e+00;1.141e-01;-1.853e+00;8.103e+00;None
20220910_4_Trit_A;0.000e+00;NA;NA;NA;NA;No flux;None;Signal;7.294e-04;NA;3.296e+00;1.601e+00;1.758e-01;-3.593e+00;1.019e+01;None
20220910_4_Trit_B;1.457e+01;2.317e+01;6.426e-01;-2.799e+02;3.090e+02;HMR;None;Signal;3.209e-06;NA;3.906e+00;2.390e+00;2.438e-01;-6.379e+00;1.419e+01;None
20220910_4_Trit_C;0.000e+00;NA;NA;NA;NA;No flux;None;Signal;2.923e-02;NA;-3.965e-02;2.062e+00;9.864e-01;-8.912e+00;8.832e+00;None
20220927_1_3Spp_A;6.539e+00;2.756e-01;2.682e-02;3.036e+00;1.004e+01;HMR;None;Signal;1.542e-02;NA;3.040e+00;5.418e-01;3.033e-02;7.087e-01;5.371e+00;None
20220927_1_3Spp_B;5.613e+00;2.062e-01;1.346e-03;4.726e+00;6.500e+00;LR;None;Signal;2.594e-07;NA;5.613e+00;2.062e-01;1.346e-03;4.726e+00;6.500e+00;None
20220927_1_3Spp_C;6.872e+00;1.829e-02;1.695e-03;6.639e+00;7.104e+00;HMR;None;Signal;4.408e-03;NA;3.431e+00;5.534e-01;2.505e-02;1.050e+00;5.811e+00;None
20220927_1_Clover_A;3.097e+00;6.850e-01;4.560e-02;1.498e-01;6.044e+00;LR;None;Signal;1.095e-02;NA;3.097e+00;6.850e-01;4.560e-02;1.498e-01;6.044e+00;None
20220927_1_Clover_B;0.000e+00;NA;NA;NA;NA;No flux;None;Noise;1.321e-01;NA;2.301e+00;5.591e-02;5.900e-04;2.060e+00;2.542e+00;None
20220927_1_Clover_C;3.408e+00;4.078e-01;1.401e-02;1.654e+00;5.163e+00;LR;None;Signal;5.451e-03;NA;3.408e+00;4.078e-01;1.401e-02;1.654e+00;5.163e+00;None
20220927_1_Clover_D;0.000e+00;NA;NA;NA;NA;No flux;None;Noise;1.871e-01;NA;1.044e+00;1.312e+00;5.097e-01;-4.601e+00;6.689e+00;None
20220927_1_Trit_A;1.296e+01;1.722e+01;5.893e-01;-2.058e+02;2.317e+02;HMR;None;Signal;5.540e-06;NA;4.127e+00;2.072e+00;1.847e-01;-4.790e+00;1.304e+01;None
20220927_1_Trit_B;5.171e+00;1.283e+00;5.637e-02;-3.476e-01;1.069e+01;LR;None;Signal;5.779e-07;NA;5.171e+00;1.283e+00;5.637e-02;-3.476e-01;1.069e+01;None
20220927_1_Trit_C;0.000e+00;NA;NA;NA;NA;No flux;None;Noise;1.797e-01;NA;1.455e+00;1.119e+00;3.232e-01;-3.360e+00;6.271e+00;None
20220927_2_3Spp_A;2.672e+00;8.491e-01;8.788e-02;-9.814e-01;6.326e+00;LR;None;Signal;2.816e-02;NA;2.672e+00;8.491e-01;8.788e-02;-9.814e-01;6.326e+00;None
20220927_2_3Spp_B;3.446e+00;8.624e-01;5.732e-02;-2.653e-01;7.156e+00;LR;None;Signal;2.715e-03;NA;3.446e+00;8.624e-01;5.732e-02;-2.653e-01;7.156e+00;None
20220927_2_3Spp_C;2.693e+00;1.270e+00;1.681e-01;-2.773e+00;8.158e+00;LR;None;Signal;1.123e-02;NA;2.693e+00;1.270e+00;1.681e-01;-2.773e+00;8.158e+00;None
20220927_2_Clover_A;4.212e+00;8.415e-01;3.767e-02;5.916e-01;7.833e+00;LR;None;Signal;1.482e-04;NA;4.212e+00;8.415e-01;3.767e-02;5.916e-01;7.833e+00;None
20220927_2_Clover_B;5.225e+00;5.819e-01;1.218e-02;2.722e+00;7.729e+00;LR;None;Signal;1.655e-06;NA;5.225e+00;5.819e-01;1.218e-02;2.722e+00;7.729e+00;None
20220927_2_Clover_C;3.435e+00;7.043e-01;3.956e-02;4.046e-01;6.465e+00;LR;None;Signal;3.598e-03;NA;3.435e+00;7.043e-01;3.956e-02;4.046e-01;6.465e+00;None
20220927_2_Clover_D;4.852e+00;1.248e-01;1.637e-02;3.266e+00;6.437e+00;HMR;None;Signal;8.045e-03;NA;3.317e+00;2.806e-01;7.081e-03;2.109e+00;4.524e+00;None
20220927_2_Trit_A;0.000e+00;NA;NA;NA;NA;No flux;None;Noise;1.965e-01;NA;2.467e-01;1.477e+00;8.827e-01;-6.108e+00;6.602e+00;None
20220927_2_Trit_B;1.379e+01;1.401e+01;5.048e-01;-1.642e+02;1.917e+02;HMR;None;Signal;3.162e-02;NA;2.219e+00;1.307e+00;2.315e-01;-3.403e+00;7.842e+00;None
20220927_2_Trit_C;0.000e+00;NA;NA;NA;NA;No flux;None;Noise;3.966e-01;NA;1.097e+00;8.946e-01;3.450e-01;-2.753e+00;4.946e+00;None
20220927_3_3Spp_A;NA;NA;NA;NA;NA;None;Data error;None;NA;NA;NA;NA;NA;NA;NA;Data error
20220927_3_3Spp_B;NA;NA;NA;NA;NA;None;Data error;None;NA;NA;NA;NA;NA;NA;NA;Data error
20220927_3_3Spp_C;NA;NA;NA;NA;NA;None;Data error;None;NA;NA;NA;NA;NA;NA;NA;Data error
20220927_3_Clover_A;NA;NA;NA;NA;NA;None;Data error;None;NA;NA;NA;NA;NA;NA;NA;Data error
20220927_3_Clover_B;NA;NA;NA;NA;NA;None;Data error;None;NA;NA;NA;NA;NA;NA;NA;Data error
20220927_3_Clover_C;NA;NA;NA;NA;NA;None;Data error;None;NA;NA;NA;NA;NA;NA;NA;Data error
20220927_3_Clover_D;NA;NA;NA;NA;NA;None;Data error;None;NA;NA;NA;NA;NA;NA;NA;Data error
20220927_3_Trit_A;NA;NA;NA;NA;NA;None;Data error;None;NA;NA;NA;NA;NA;NA;NA;Data error
20220927_3_Trit_B;NA;NA;NA;NA;NA;None;Data error;None;NA;NA;NA;NA;NA;NA;NA;Data error
20220927_3_Trit_C;NA;NA;NA;NA;NA;None;Data error;None;NA;NA;NA;NA;NA;NA;NA;Data error
20220927_4_3Spp_A;NA;NA;NA;NA;NA;None;Data error;None;NA;NA;NA;NA;NA;NA;NA;Data error
20220927_4_3Spp_B;NA;NA;NA;NA;NA;None;Data error;None;NA;NA;NA;NA;NA;NA;NA;Data error
20220927_4_3Spp_C;NA;NA;NA;NA;NA;None;Data error;None;NA;NA;NA;NA;NA;NA;NA;Data error
20220927_4_Clover_A;NA;NA;NA;NA;NA;None;Data error;None;NA;NA;NA;NA;NA;NA;NA;Data error
20220927_4_Clover_B;NA;NA;NA;NA;NA;None;Data error;None;NA;NA;NA;NA;NA;NA;NA;Data error
20220927_4_Clover_C;NA;NA;NA;NA;NA;None;Data error;None;NA;NA;NA;NA;NA;NA;NA;Data error
20220927_4_Clover_D;NA;NA;NA;NA;NA;None;Data error;None;NA;NA;NA;NA;NA;NA;NA;Data error
20220927_4_Trit_A;NA;NA;NA;NA;NA;None;Data error;None;NA;NA;NA;NA;NA;NA;NA;Data error
20220927_4_Trit_B;NA;NA;NA;NA;NA;None;Data error;None;NA;NA;NA;NA;NA;NA;NA;Data error
20220927_4_Trit_C;NA;NA;NA;NA;NA;None;Data error;None;NA;NA;NA;NA;NA;NA;NA;Data error
20221005_1_3Spp_A;0.000e+00;NA;NA;NA;NA;No flux;None;Noise;9.621e-02;NA;5.181e-01;1.691e+00;7.883e-01;-6.758e+00;7.794e+00;None
20221005_1_3Spp_B;2.390e+00;9.661e-01;1.318e-01;-1.767e+00;6.547e+00;LR;None;Signal;4.550e-02;NA;2.390e+00;9.661e-01;1.318e-01;-1.767e+00;6.547e+00;None
20221005_1_3Spp_C;0.000e+00;NA;NA;NA;NA;No flux;None;Noise;4.092e-01;NA;1.640e+00;1.406e-01;7.278e-03;1.034e+00;2.245e+00;None
20221005_1_Clover_A;0.000e+00;NA;NA;NA;NA;No flux;None;Noise;5.339e-01;NA;1.071e+00;6.789e-01;2.555e-01;-1.850e+00;3.992e+00;None
20221005_1_Clover_B;0.000e+00;NA;NA;NA;NA;No flux;None;Noise;3.655e-01;NA;1.338e+00;7.772e-01;2.273e-01;-2.006e+00;4.682e+00;None
20221005_1_Clover_C;0.000e+00;NA;NA;NA;NA;No flux;None;Noise;9.355e-02;NA;2.424e+00;2.938e-01;1.437e-02;1.160e+00;3.688e+00;None
20221005_1_Clover_D;0.000e+00;NA;NA;NA;NA;No flux;None;Noise;7.298e-01;NA;8.957e-01;4.597e-01;1.907e-01;-1.082e+00;2.874e+00;None
20221005_1_Trit_A;0.000e+00;NA;NA;NA;NA;No flux;None;Signal;0.000e+00;NA;-5.158e+00;5.147e+00;4.219e-01;-2.731e+01;1.699e+01;None
20221005_1_Trit_B;0.000e+00;NA;NA;NA;NA;No flux;None;Noise;3.806e-01;NA;7.415e-01;1.084e+00;5.647e-01;-3.925e+00;5.408e+00;None
20221005_1_Trit_C;0.000e+00;NA;NA;NA;NA;No flux;None;Signal;1.805e-02;NA;-2.547e+00;1.228e+00;1.738e-01;-7.831e+00;2.737e+00;None
20221005_2_3Spp_A;0.000e+00;NA;NA;NA;NA;No flux;None;Noise;6.154e-02;NA;1.543e+00;1.510e+00;4.145e-01;-4.955e+00;8.041e+00;None
20221005_2_3Spp_B;4.754e+00;1.389e-01;1.860e-02;2.989e+00;6.519e+00;HMR;None;Signal;3.662e-02;NA;2.794e+00;3.366e-01;1.420e-02;1.346e+00;4.243e+00;None
20221005_2_3Spp_C;6.900e+00;3.449e+00;2.951e-01;-3.693e+01;5.073e+01;HMR;None;Signal;1.610e-03;NA;3.651e+00;7.347e-01;3.819e-02;4.899e-01;6.812e+00;None
20221005_2_Clover_A;2.899e+00;2.620e-01;8.072e-03;1.771e+00;4.026e+00;LR;None;Signal;2.874e-02;NA;2.899e+00;2.620e-01;8.072e-03;1.771e+00;4.026e+00;None
20221005_2_Clover_B;3.412e+00;9.664e-01;7.169e-02;-7.459e-01;7.570e+00;LR;None;Signal;2.517e-03;NA;3.412e+00;9.664e-01;7.169e-02;-7.459e-01;7.570e+00;None
20221005_2_Clover_C;4.232e+00;3.023e+00;3.948e-01;-3.417e+01;4.264e+01;HMR;None;Signal;4.492e-03;NA;3.426e+00;5.500e-01;2.482e-02;1.059e+00;5.793e+00;None
20221005_2_Clover_D;0.000e+00;NA;NA;NA;NA;No flux;None;Noise;3.587e-01;NA;1.698e+00;2.814e-01;2.636e-02;4.878e-01;2.909e+00;None
20221005_2_Trit_A;0.000e+00;NA;NA;NA;NA;No flux;None;Noise;4.668e-01;NA;1.528e+00;1.874e-01;1.471e-02;7.219e-01;2.335e+00;None
20221005_2_Trit_B;6.516e+00;9.243e-01;8.971e-02;-5.228e+00;1.826e+01;HMR;None;Signal;2.941e-03;NA;3.564e+00;4.972e-01;1.891e-02;1.425e+00;5.703e+00;None
20221005_2_Trit_C;2.978e+00;5.938e-01;3.754e-02;4.227e-01;5.533e+00;LR;None;Signal;1.746e-02;NA;2.978e+00;5.938e-01;3.754e-02;4.227e-01;5.533e+00;None
20221005_3_3Spp_A;0.000e+00;NA;NA;NA;NA;No flux;None;Noise;1.130e-01;NA;2.369e+00;1.135e-01;2.285e-03;1.881e+00;2.858e+00;None
20221005_3_3Spp_B;0.000e+00;NA;NA;NA;NA;No flux;None;Noise;4.558e-01;NA;9.105e-01;9.043e-01;4.200e-01;-2.980e+00;4.801e+00;None
20221005_3_3Spp_C;0.000e+00;NA;NA;NA;NA;No flux;None;Noise;3.026e-01;NA;-6.858e-01;1.219e+00;6.303e-01;-5.930e+00;4.558e+00;None
20221005_3_Clover_A;0.000e+00;NA;NA;NA;NA;No flux;None;Noise;6.884e-02;NA;2.572e+00;2.135e-01;6.820e-03;1.653e+00;3.490e+00;None
20221005_3_Clover_B;0.000e+00;NA;NA;NA;NA;No flux;None;Noise;5.487e-01;NA;1.264e+00;4.473e-01;1.057e-01;-6.605e-01;3.189e+00;None
20221005_3_Clover_C;0.000e+00;NA;NA;NA;NA;No flux;None;Noise;1.233e-01;NA;2.295e+00;3.039e-01;1.709e-02;9.874e-01;3.602e+00;None
20221005_3_Clover_D;0.000e+00;NA;NA;NA;NA;No flux;None;Noise;3.002e-01;NA;1.820e+00;2.718e-01;2.159e-02;6.504e-01;2.989e+00;None
20221005_3_Trit_A;0.000e+00;NA;NA;NA;NA;No flux;None;Noise;3.388e-01;NA;1.475e+00;7.074e-01;1.723e-01;-1.568e+00;4.519e+00;None
20221005_3_Trit_B;2.632e+00;7.664e-01;7.534e-02;-6.657e-01;5.930e+00;LR;None;Signal;3.546e-02;NA;2.632e+00;7.664e-01;7.534e-02;-6.657e-01;5.930e+00;None
20221005_3_Trit_C;0.000e+00;NA;NA;NA;NA;No flux;None;Noise;2.836e-01;NA;1.360e+00;9.330e-01;2.822e-01;-2.654e+00;5.374e+00;None
20221005_4_3Spp_A;0.000e+00;NA;NA;NA;NA;No flux;None;Noise;1.273e-01;NA;2.317e+00;8.433e-02;1.322e-03;1.954e+00;2.679e+00;None
20221005_4_3Spp_B;0.000e+00;NA;NA;NA;NA;No flux;None;Noise;3.594e-01;NA;1.721e+00;1.963e-01;1.277e-02;8.761e-01;2.565e+00;None
20221005_4_3Spp_C;0.000e+00;NA;NA;NA;NA;No flux;None;Noise;2.741e-01;NA;7.123e-01;1.257e+00;6.282e-01;-4.698e+00;6.123e+00;None
20221005_4_Clover_A;0.000e+00;NA;NA;NA;NA;No flux;None;Noise;1.039e-01;NA;2.390e+00;2.330e-01;9.369e-03;1.388e+00;3.393e+00;None
20221005_4_Clover_B;0.000e+00;NA;NA;NA;NA;No flux;None;Signal;3.703e-04;NA;-1.762e+00;2.668e+00;5.770e-01;-1.324e+01;9.719e+00;None
20221005_4_Clover_C;0.000e+00;NA;NA;NA;NA;No flux;None;Noise;6.666e-02;NA;2.315e+00;8.408e-01;1.105e-01;-1.303e+00;5.932e+00;None
20221005_4_Clover_D;0.000e+00;NA;NA;NA;NA;No flux;None;Noise;6.670e-02;NA;2.390e+00;7.276e-01;8.151e-02;-7.407e-01;5.521e+00;None
20221005_4_Trit_A;0.000e+00;NA;NA;NA;NA;No flux;None;Noise;6.759e-02;NA;2.562e+00;3.011e-01;1.354e-02;1.266e+00;3.857e+00;None
20221005_4_Trit_B;1.124e+01;1.220e+01;5.261e-01;-1.438e+02;1.662e+02;HMR;None;Signal;1.831e-02;NA;2.713e+00;1.028e+00;1.185e-01;-1.708e+00;7.135e+00;None
20221005_4_Trit_C;3.201e+00;3.189e-01;9.784e-03;1.828e+00;4.573e+00;LR;None;Signal;1.139e-02;NA;3.201e+00;3.189e-01;9.784e-03;1.828e+00;4.573e+00;None
